{
  "type": "FeatureCollection",
  "features": [
    {
      "type": "Feature",
      "properties": {
        "name": "旅居文旅西門驛站昆明館",
        "address": "臺北市萬華區昆明街142號7之8樓",
        "phone": "02-23818131",
        "button_price": 10000,
        "higher_price": 15000,
        "room": 37,
        "area": "臺北市"
      },
      "geometry": {
        "type": "Point",
        "coordinates": [
          121.504651,
          25.042565
        ]
      }
    },
    {
      "type": "Feature",
      "properties": {
        "name": "慕居行旅",
        "address": "臺北市信義區基隆路二段22號5樓",
        "phone": "02-27295828",
        "button_price": 600,
        "higher_price": 70000,
        "room": 25,
        "area": "臺北市"
      },
      "geometry": {
        "type": "Point",
        "coordinates": [
          121.558728,
          25.031936
        ]
      }
    },
    {
      "type": "Feature",
      "properties": {
        "name": "承攜行旅台北八德館",
        "address": "臺北市松山區八德路四段213號1之7樓",
        "phone": "02-27425575",
        "button_price": 12000,
        "higher_price": 16000,
        "room": 76,
        "area": "臺北市"
      },
      "geometry": {
        "type": "Point",
        "coordinates": [
          121.564122,
          25.048971
        ]
      }
    },
    {
      "type": "Feature",
      "properties": {
        "name": "丹迪旅店-大安森林公園店",
        "address": "臺北市大安區信義路三段33號3之10樓",
        "phone": "02-27076899",
        "button_price": 12000,
        "higher_price": 15000,
        "room": 73,
        "area": "臺北市"
      },
      "geometry": {
        "type": "Point",
        "coordinates": [
          121.534623,
          25.033764
        ]
      }
    },
    {
      "type": "Feature",
      "properties": {
        "name": "雀客快捷台北車站",
        "address": "臺北市大同區太原路64號1至8樓",
        "phone": "02-25590577",
        "button_price": 10780,
        "higher_price": 28600,
        "room": 58,
        "area": "臺北市"
      },
      "geometry": {
        "type": "Point",
        "coordinates": [
          121.515466,
          25.051649
        ]
      }
    },
    {
      "type": "Feature",
      "properties": {
        "name": "大來商旅",
        "address": "臺北市松山區長春路432號1之7樓",
        "phone": "02-27160011",
        "button_price": 2000,
        "higher_price": 12000,
        "room": 62,
        "area": "臺北市"
      },
      "geometry": {
        "type": "Point",
        "coordinates": [
          121.544883,
          25.054441
        ]
      }
    },
    {
      "type": "Feature",
      "properties": {
        "name": "漾館溫泉商旅",
        "address": "臺北市北投區溫泉路63號1之4樓",
        "phone": "02-28911118",
        "button_price": 5888,
        "higher_price": 15800,
        "room": 31,
        "area": "臺北市"
      },
      "geometry": {
        "type": "Point",
        "coordinates": [
          121.50466,
          25.135169
        ]
      }
    },
    {
      "type": "Feature",
      "properties": {
        "name": "和怡商務旅館",
        "address": "臺北市南港區重陽路122號",
        "phone": "02-27890505",
        "button_price": 3380,
        "higher_price": 6140,
        "room": 43,
        "area": "臺北市"
      },
      "geometry": {
        "type": "Point",
        "coordinates": [
          121.599941,
          25.05687
        ]
      }
    },
    {
      "type": "Feature",
      "properties": {
        "name": "皇后旅社",
        "address": "臺北市大同區長安西路226號1至4樓",
        "phone": "02-25590489",
        "button_price": 6800,
        "higher_price": 20000,
        "room": 20,
        "area": "臺北市"
      },
      "geometry": {
        "type": "Point",
        "coordinates": [
          121.514657,
          25.051342
        ]
      }
    },
    {
      "type": "Feature",
      "properties": {
        "name": "華麗大飯店",
        "address": "臺北市萬華區康定路41號",
        "phone": "02-23818111",
        "button_price": 1900,
        "higher_price": 12000,
        "room": 88,
        "area": "臺北市"
      },
      "geometry": {
        "type": "Point",
        "coordinates": [
          121.502348,
          25.041443
        ]
      }
    },
    {
      "type": "Feature",
      "properties": {
        "name": "新凱飯店",
        "address": "臺北市中山區新生北路三段76之1號1至10樓",
        "phone": "02-25855000",
        "button_price": 3000,
        "higher_price": 15000,
        "room": 42,
        "area": "臺北市"
      },
      "geometry": {
        "type": "Point",
        "coordinates": [
          121.527396,
          25.066758
        ]
      }
    },
    {
      "type": "Feature",
      "properties": {
        "name": "麗雅精品旅館",
        "address": "臺北市中山區長春路62號8樓之1",
        "phone": "02-25411133",
        "button_price": 1980,
        "higher_price": 1980,
        "room": 12,
        "area": "臺北市"
      },
      "geometry": {
        "type": "Point",
        "coordinates": [
          121.526259,
          25.054821
        ]
      }
    },
    {
      "type": "Feature",
      "properties": {
        "name": "國際大旅館",
        "address": "臺北市北投區湖山路一段7號",
        "phone": "02-28617100",
        "button_price": 2310,
        "higher_price": 3190,
        "room": 44,
        "area": "臺北市"
      },
      "geometry": {
        "type": "Point",
        "coordinates": [
          121.54803,
          25.15222
        ]
      }
    },
    {
      "type": "Feature",
      "properties": {
        "name": "漫慢米窩旅店",
        "address": "臺北市中山區中山北路二段183巷3032號3樓",
        "phone": "02-25910183",
        "button_price": 5600,
        "higher_price": 7200,
        "room": 13,
        "area": "臺北市"
      },
      "geometry": {
        "type": "Point",
        "coordinates": [
          121.524343,
          25.063642
        ]
      }
    },
    {
      "type": "Feature",
      "properties": {
        "name": "麗都大飯店",
        "address": "臺北市大安區信義路三段11號1之11樓",
        "phone": "02-27065600",
        "button_price": 2700,
        "higher_price": 9000,
        "room": 73,
        "area": "臺北市"
      },
      "geometry": {
        "type": "Point",
        "coordinates": [
          121.533752,
          25.033783
        ]
      }
    },
    {
      "type": "Feature",
      "properties": {
        "name": "黛芬旅館",
        "address": "臺北市萬華區昆明街76號3樓",
        "phone": "02-23719751",
        "button_price": 1000,
        "higher_price": 2500,
        "room": 15,
        "area": "臺北市"
      },
      "geometry": {
        "type": "Point",
        "coordinates": [
          121.505532,
          25.045766
        ]
      }
    },
    {
      "type": "Feature",
      "properties": {
        "name": "首都唯客樂飯店",
        "address": "臺北市中山區長春路187號1之9樓",
        "phone": "02-25070168",
        "button_price": 5800,
        "higher_price": 13000,
        "room": 80,
        "area": "臺北市"
      },
      "geometry": {
        "type": "Point",
        "coordinates": [
          121.537752,
          25.054846
        ]
      }
    },
    {
      "type": "Feature",
      "properties": {
        "name": "力歐時尚旅館",
        "address": "臺北市中正區延平南路9號1之9樓",
        "phone": "02-23145296",
        "button_price": 3000,
        "higher_price": 5000,
        "room": 37,
        "area": "臺北市"
      },
      "geometry": {
        "type": "Point",
        "coordinates": [
          121.510893,
          25.046303
        ]
      }
    },
    {
      "type": "Feature",
      "properties": {
        "name": "悅來旅館",
        "address": "臺北市中正區中華路一段21號6之7樓",
        "phone": "02-23110066",
        "button_price": 5000,
        "higher_price": 12000,
        "room": 26,
        "area": "臺北市"
      },
      "geometry": {
        "type": "Point",
        "coordinates": [
          121.509913,
          25.046389
        ]
      }
    },
    {
      "type": "Feature",
      "properties": {
        "name": "金財神旅館",
        "address": "臺北市中正區中華路一段21號3樓",
        "phone": "02-23110066",
        "button_price": 5000,
        "higher_price": 12000,
        "room": 12,
        "area": "臺北市"
      },
      "geometry": {
        "type": "Point",
        "coordinates": [
          121.509913,
          25.046389
        ]
      }
    },
    {
      "type": "Feature",
      "properties": {
        "name": "小雅旅店",
        "address": "臺北市松山區八德路四段616號5樓",
        "phone": "02-27631122",
        "button_price": 1100,
        "higher_price": 6400,
        "room": 17,
        "area": "臺北市"
      },
      "geometry": {
        "type": "Point",
        "coordinates": [
          121.573605,
          25.049818
        ]
      }
    },
    {
      "type": "Feature",
      "properties": {
        "name": "艾捷天麗大飯店",
        "address": "臺北市松山區南京東路四段156號1之11樓",
        "phone": "02-25796162",
        "button_price": 30000,
        "higher_price": 46000,
        "room": 78,
        "area": "臺北市"
      },
      "geometry": {
        "type": "Point",
        "coordinates": [
          121.556261,
          25.051355
        ]
      }
    },
    {
      "type": "Feature",
      "properties": {
        "name": "承攜行旅台北大稻埕",
        "address": "臺北市大同區西寧北路49號1之5樓43之47號2之5樓",
        "phone": "02-25552268",
        "button_price": 10780,
        "higher_price": 11880,
        "room": 24,
        "area": "臺北市"
      },
      "geometry": {
        "type": "Point",
        "coordinates": [
          121.508883,
          25.054065
        ]
      }
    },
    {
      "type": "Feature",
      "properties": {
        "name": "迪樂商旅",
        "address": "臺北市大同區延平北路一段121號1至6樓",
        "phone": "02-25551130",
        "button_price": 1580,
        "higher_price": 15800,
        "room": 28,
        "area": "臺北市"
      },
      "geometry": {
        "type": "Point",
        "coordinates": [
          121.511921,
          25.052866
        ]
      }
    },
    {
      "type": "Feature",
      "properties": {
        "name": "紫園旅社",
        "address": "臺北市大同區南京西路18巷30號",
        "phone": "02-25557178",
        "button_price": 5200,
        "higher_price": 6200,
        "room": 27,
        "area": "臺北市"
      },
      "geometry": {
        "type": "Point",
        "coordinates": [
          121.520042,
          25.050611
        ]
      }
    },
    {
      "type": "Feature",
      "properties": {
        "name": "富粧商務旅店",
        "address": "臺北市萬華區康定路68號2之5樓",
        "phone": "02-23711247、 0968-321777",
        "button_price": 1680,
        "higher_price": 8880,
        "room": 28,
        "area": "臺北市"
      },
      "geometry": {
        "type": "Point",
        "coordinates": [
          121.502281,
          25.042279
        ]
      }
    },
    {
      "type": "Feature",
      "properties": {
        "name": "長虹大飯店",
        "address": "臺北市萬華區漢中街36號13之8樓",
        "phone": "02-23119193",
        "button_price": 2380,
        "higher_price": 7200,
        "room": 68,
        "area": "臺北市"
      },
      "geometry": {
        "type": "Point",
        "coordinates": [
          121.507417,
          25.044474
        ]
      }
    },
    {
      "type": "Feature",
      "properties": {
        "name": "東皇大飯店",
        "address": "臺北市北投區溫泉路108號1之6樓",
        "phone": "02-28913027",
        "button_price": 5000,
        "higher_price": 8000,
        "room": 39,
        "area": "臺北市"
      },
      "geometry": {
        "type": "Point",
        "coordinates": [
          121.510622,
          25.136002
        ]
      }
    },
    {
      "type": "Feature",
      "properties": {
        "name": "梅樓商務驛站",
        "address": "臺北市大同區鄭州路29巷1之1號2之4樓",
        "phone": "02-25552587",
        "button_price": 1490,
        "higher_price": 5830,
        "room": 18,
        "area": "臺北市"
      },
      "geometry": {
        "type": "Point",
        "coordinates": [
          121.514302,
          25.049714
        ]
      }
    },
    {
      "type": "Feature",
      "properties": {
        "name": "旅居文旅-松山驛站",
        "address": "臺北市松山區八德路四段626號3樓",
        "phone": "02-27635889",
        "button_price": 3000,
        "higher_price": 18000,
        "room": 18,
        "area": "臺北市"
      },
      "geometry": {
        "type": "Point",
        "coordinates": [
          121.574178,
          25.04982
        ]
      }
    },
    {
      "type": "Feature",
      "properties": {
        "name": "南港安樂旅社",
        "address": "臺北市南港區南港路一段229號2之3樓",
        "phone": "02-26511797",
        "button_price": 1400,
        "higher_price": 1400,
        "room": 10,
        "area": "臺北市"
      },
      "geometry": {
        "type": "Point",
        "coordinates": [
          121.610724,
          25.054946
        ]
      }
    },
    {
      "type": "Feature",
      "properties": {
        "name": "凱統大飯店",
        "address": "臺北市大安區忠孝東路三段8號3之9樓",
        "phone": "02-27211162",
        "button_price": 2580,
        "higher_price": 3280,
        "room": 56,
        "area": "臺北市"
      },
      "geometry": {
        "type": "Point",
        "coordinates": [
          121.533525,
          25.04201
        ]
      }
    },
    {
      "type": "Feature",
      "properties": {
        "name": "薇閣精品旅館",
        "address": "臺北市中山區錦州街2729號31號2之4樓",
        "phone": "02-25318000",
        "button_price": 3800,
        "higher_price": 9000,
        "room": 87,
        "area": "臺北市"
      },
      "geometry": {
        "type": "Point",
        "coordinates": [
          121.543572,
          25.06031
        ]
      }
    },
    {
      "type": "Feature",
      "properties": {
        "name": "華宮旅社",
        "address": "臺北市萬華區西昌街157號",
        "phone": "02-23142627",
        "button_price": 700,
        "higher_price": 700,
        "room": 14,
        "area": "臺北市"
      },
      "geometry": {
        "type": "Point",
        "coordinates": [
          121.500719,
          25.03928
        ]
      }
    },
    {
      "type": "Feature",
      "properties": {
        "name": "洛碁大飯店花華分館",
        "address": "臺北市中正區漢口街一段36號1之8樓及地下室",
        "phone": "02-23123811",
        "button_price": 3000,
        "higher_price": 18000,
        "room": 56,
        "area": "臺北市"
      },
      "geometry": {
        "type": "Point",
        "coordinates": [
          121.513836,
          25.045097
        ]
      }
    },
    {
      "type": "Feature",
      "properties": {
        "name": "京都商務旅館",
        "address": "臺北市中山區長春路38號3之10樓",
        "phone": "02-25673366",
        "button_price": 4300,
        "higher_price": 9000,
        "room": 40,
        "area": "臺北市"
      },
      "geometry": {
        "type": "Point",
        "coordinates": [
          121.524957,
          25.054842
        ]
      }
    },
    {
      "type": "Feature",
      "properties": {
        "name": "美觀園旅社",
        "address": "臺北市萬華區西寧南路90巷13號",
        "phone": "02-23314123",
        "button_price": 1800,
        "higher_price": 2800,
        "room": 15,
        "area": "臺北市"
      },
      "geometry": {
        "type": "Point",
        "coordinates": [
          121.50543,
          25.042152
        ]
      }
    },
    {
      "type": "Feature",
      "properties": {
        "name": "北門文旅",
        "address": "臺北市大同區長安西路145巷3號",
        "phone": "02-25567797",
        "button_price": 1400,
        "higher_price": 8000,
        "room": 15,
        "area": "臺北市"
      },
      "geometry": {
        "type": "Point",
        "coordinates": [
          121.514968,
          25.051718
        ]
      }
    },
    {
      "type": "Feature",
      "properties": {
        "name": "台北商旅（大安館）",
        "address": "臺北市大安區大安路一段135號",
        "phone": "02-77119933",
        "button_price": 9200,
        "higher_price": 11500,
        "room": 42,
        "area": "臺北市"
      },
      "geometry": {
        "type": "Point",
        "coordinates": [
          121.546166,
          25.038679
        ]
      }
    },
    {
      "type": "Feature",
      "properties": {
        "name": "福來旅社",
        "address": "臺北市大同區南京西路344巷13號1之4樓",
        "phone": "02-25550857",
        "button_price": 500,
        "higher_price": 1000,
        "room": 37,
        "area": "臺北市"
      },
      "geometry": {
        "type": "Point",
        "coordinates": [
          121.512215,
          25.053415
        ]
      }
    },
    {
      "type": "Feature",
      "properties": {
        "name": "葳皇時尚飯店",
        "address": "臺北市大同區延平北路二段197號3411樓",
        "phone": "02-25575379",
        "button_price": 18880,
        "higher_price": 20880,
        "room": 48,
        "area": "臺北市"
      },
      "geometry": {
        "type": "Point",
        "coordinates": [
          121.511551,
          25.059328
        ]
      }
    },
    {
      "type": "Feature",
      "properties": {
        "name": "一加一旅館",
        "address": "臺北市萬華區萬華區昆明街34號3樓",
        "phone": "02-23892886",
        "button_price": 1200,
        "higher_price": 2200,
        "room": 13,
        "area": "臺北市"
      },
      "geometry": {
        "type": "Point",
        "coordinates": [
          121.505885,
          25.047004
        ]
      }
    },
    {
      "type": "Feature",
      "properties": {
        "name": "台北世聯商旅",
        "address": "臺北市中山區松江路90巷5號1至7樓",
        "phone": "02-25626161",
        "button_price": 4600,
        "higher_price": 6800,
        "room": 44,
        "area": "臺北市"
      },
      "geometry": {
        "type": "Point",
        "coordinates": [
          121.531946,
          25.050592
        ]
      }
    },
    {
      "type": "Feature",
      "properties": {
        "name": "帥客旅店",
        "address": "臺北市中正區羅斯福路一段90巷2號1之5樓",
        "phone": "02-23223887",
        "button_price": 1500,
        "higher_price": 5400,
        "room": 32,
        "area": "臺北市"
      },
      "geometry": {
        "type": "Point",
        "coordinates": [
          121.519662,
          25.030117
        ]
      }
    },
    {
      "type": "Feature",
      "properties": {
        "name": "客來思樂行旅",
        "address": "臺北市大安區羅斯福路三段241號4之6樓4之6樓之1",
        "phone": "02-23626555",
        "button_price": 1280,
        "higher_price": 5000,
        "room": 20,
        "area": "臺北市"
      },
      "geometry": {
        "type": "Point",
        "coordinates": [
          121.529895,
          25.019379
        ]
      }
    },
    {
      "type": "Feature",
      "properties": {
        "name": "承攜行旅台北台大館",
        "address": "臺北市中正區羅斯福路三段98號1之8樓",
        "phone": "02-23657367",
        "button_price": 13800,
        "higher_price": 18800,
        "room": 35,
        "area": "臺北市"
      },
      "geometry": {
        "type": "Point",
        "coordinates": [
          121.52692,
          25.021512
        ]
      }
    },
    {
      "type": "Feature",
      "properties": {
        "name": "璞樂米窩",
        "address": "臺北市信義區松山路153號2之7樓",
        "phone": "02-27565659",
        "button_price": 25000,
        "higher_price": 25000,
        "room": 33,
        "area": "臺北市"
      },
      "geometry": {
        "type": "Point",
        "coordinates": [
          121.577963,
          25.046534
        ]
      }
    },
    {
      "type": "Feature",
      "properties": {
        "name": "台北碧瑤飯店",
        "address": "臺北市松山區八德路二段367號1之10樓",
        "phone": "02-27813121",
        "button_price": 4300,
        "higher_price": 7800,
        "room": 84,
        "area": "臺北市"
      },
      "geometry": {
        "type": "Point",
        "coordinates": [
          121.544659,
          25.047868
        ]
      }
    },
    {
      "type": "Feature",
      "properties": {
        "name": "蒲園飯店",
        "address": "臺北市松山區八德路四段176號地下2樓地下1樓1樓3樓至5樓7樓",
        "phone": "02-27530772",
        "button_price": 2800,
        "higher_price": 32000,
        "room": 32,
        "area": "臺北市"
      },
      "geometry": {
        "type": "Point",
        "coordinates": [
          121.563423,
          25.048576
        ]
      }
    },
    {
      "type": "Feature",
      "properties": {
        "name": "香城大飯店松山分店",
        "address": "臺北市松山區市民大道六段67號1之9樓",
        "phone": "02-27693969",
        "button_price": 1800,
        "higher_price": 10000,
        "room": 56,
        "area": "臺北市"
      },
      "geometry": {
        "type": "Point",
        "coordinates": [
          121.574157,
          25.049616
        ]
      }
    },
    {
      "type": "Feature",
      "properties": {
        "name": "家賓大旅社",
        "address": "臺北市文山區景文街42號6之7樓",
        "phone": "02-29325915",
        "button_price": 4000,
        "higher_price": 6000,
        "room": 32,
        "area": "臺北市"
      },
      "geometry": {
        "type": "Point",
        "coordinates": [
          121.54123,
          24.991716
        ]
      }
    },
    {
      "type": "Feature",
      "properties": {
        "name": "景美大旅社",
        "address": "臺北市文山區景文街104號2之4樓",
        "phone": "02-29313788",
        "button_price": 1000,
        "higher_price": 1500,
        "room": 12,
        "area": "臺北市"
      },
      "geometry": {
        "type": "Point",
        "coordinates": [
          121.540914,
          24.990058
        ]
      }
    },
    {
      "type": "Feature",
      "properties": {
        "name": "城美行旅",
        "address": "臺北市中正區漢口街一段8890號1之7樓",
        "phone": "02-23147305",
        "button_price": 1820,
        "higher_price": 12000,
        "room": 59,
        "area": "臺北市"
      },
      "geometry": {
        "type": "Point",
        "coordinates": [
          121.509613,
          25.045083
        ]
      }
    },
    {
      "type": "Feature",
      "properties": {
        "name": "璞漣商務旅館西門店",
        "address": "臺北市萬華區成都路27巷6號",
        "phone": "02-23718616",
        "button_price": 3300,
        "higher_price": 4500,
        "room": 57,
        "area": "臺北市"
      },
      "geometry": {
        "type": "Point",
        "coordinates": [
          121.506754,
          25.042905
        ]
      }
    },
    {
      "type": "Feature",
      "properties": {
        "name": "大榮大旅社",
        "address": "臺北市萬華區西寧南路185號2之4樓",
        "phone": "02-23316527",
        "button_price": 900,
        "higher_price": 1300,
        "room": 17,
        "area": "臺北市"
      },
      "geometry": {
        "type": "Point",
        "coordinates": [
          121.506078,
          25.041491
        ]
      }
    },
    {
      "type": "Feature",
      "properties": {
        "name": "雲沐行旅",
        "address": "臺北市大安區忠孝東路四段197號13樓及13樓之456789",
        "phone": "02-27735177",
        "button_price": 16000,
        "higher_price": 25000,
        "room": 42,
        "area": "臺北市"
      },
      "geometry": {
        "type": "Point",
        "coordinates": [
          121.551621,
          25.041678
        ]
      }
    },
    {
      "type": "Feature",
      "properties": {
        "name": "嘉賓閣旅館",
        "address": "臺北市北投區光明路230號B1之7樓",
        "phone": "02-28930055",
        "button_price": 9800,
        "higher_price": 12000,
        "room": 47,
        "area": "臺北市"
      },
      "geometry": {
        "type": "Point",
        "coordinates": [
          121.505988,
          25.135871
        ]
      }
    },
    {
      "type": "Feature",
      "properties": {
        "name": "晶樺商務旅店",
        "address": "臺北市萬華區西園路一段168號10樓",
        "phone": "02-23048788",
        "button_price": 2000,
        "higher_price": 2000,
        "room": 10,
        "area": "臺北市"
      },
      "geometry": {
        "type": "Point",
        "coordinates": [
          121.499262,
          25.036816
        ]
      }
    },
    {
      "type": "Feature",
      "properties": {
        "name": "紅菱閣賓館",
        "address": "臺北市萬華區峨嵋街8082號",
        "phone": "02-23619696",
        "button_price": 1130,
        "higher_price": 2380,
        "room": 27,
        "area": "臺北市"
      },
      "geometry": {
        "type": "Point",
        "coordinates": [
          121.501735,
          25.044665
        ]
      }
    },
    {
      "type": "Feature",
      "properties": {
        "name": "乃晶旅社",
        "address": "臺北市萬華區西園路一段168號12樓",
        "phone": "02-23043795",
        "button_price": 2000,
        "higher_price": 2000,
        "room": 10,
        "area": "臺北市"
      },
      "geometry": {
        "type": "Point",
        "coordinates": [
          121.499262,
          25.036816
        ]
      }
    },
    {
      "type": "Feature",
      "properties": {
        "name": "台北商旅慶城館",
        "address": "臺北市松山區慶城街12號",
        "phone": "02-87127589",
        "button_price": 8000,
        "higher_price": 16500,
        "room": 84,
        "area": "臺北市"
      },
      "geometry": {
        "type": "Point",
        "coordinates": [
          121.54507,
          25.052947
        ]
      }
    },
    {
      "type": "Feature",
      "properties": {
        "name": "皇家大飯店",
        "address": "臺北市中正區懷寧街5之1號1之6樓",
        "phone": "02-23111668",
        "button_price": 4280,
        "higher_price": 6680,
        "room": 40,
        "area": "臺北市"
      },
      "geometry": {
        "type": "Point",
        "coordinates": [
          121.514283,
          25.046299
        ]
      }
    },
    {
      "type": "Feature",
      "properties": {
        "name": "千慧旅館",
        "address": "臺北市大同區南京西路22號7樓",
        "phone": "02-25552451",
        "button_price": 2200,
        "higher_price": 3200,
        "room": 20,
        "area": "臺北市"
      },
      "geometry": {
        "type": "Point",
        "coordinates": [
          121.519993,
          25.052578
        ]
      }
    },
    {
      "type": "Feature",
      "properties": {
        "name": "柯達大飯店台北一店",
        "address": "臺北市中山區中山北路二段11巷1號及3號",
        "phone": "02-25422222",
        "button_price": 1000,
        "higher_price": 22000,
        "room": 53,
        "area": "臺北市"
      },
      "geometry": {
        "type": "Point",
        "coordinates": [
          121.52321,
          25.052838
        ]
      }
    },
    {
      "type": "Feature",
      "properties": {
        "name": "富玉莊旅社",
        "address": "臺北市士林區福港街149巷15弄810號2之3樓",
        "phone": "02-28822308",
        "button_price": 1900,
        "higher_price": 2500,
        "room": 20,
        "area": "臺北市"
      },
      "geometry": {
        "type": "Point",
        "coordinates": [
          121.519122,
          25.087626
        ]
      }
    },
    {
      "type": "Feature",
      "properties": {
        "name": "東姿商務旅館",
        "address": "臺北市中山區一江街33號1之4樓",
        "phone": "02-25638866",
        "button_price": 5400,
        "higher_price": 7500,
        "room": 29,
        "area": "臺北市"
      },
      "geometry": {
        "type": "Point",
        "coordinates": [
          121.531617,
          25.053543
        ]
      }
    },
    {
      "type": "Feature",
      "properties": {
        "name": "東龍大飯店",
        "address": "臺北市萬華區漢口街二段23號1之7樓",
        "phone": "02-23116969",
        "button_price": 1920,
        "higher_price": 3200,
        "room": 70,
        "area": "臺北市"
      },
      "geometry": {
        "type": "Point",
        "coordinates": [
          121.507954,
          25.045494
        ]
      }
    },
    {
      "type": "Feature",
      "properties": {
        "name": "銀河旅館",
        "address": "臺北市萬華區漢中街147巷6號1至4樓",
        "phone": "02-23116606",
        "button_price": 2000,
        "higher_price": 3000,
        "room": 18,
        "area": "臺北市"
      },
      "geometry": {
        "type": "Point",
        "coordinates": [
          121.507531,
          25.041439
        ]
      }
    },
    {
      "type": "Feature",
      "properties": {
        "name": "內江賓?",
        "address": "臺北市萬華區西寧南路112號2之6樓",
        "phone": "02-23812147",
        "button_price": 6800,
        "higher_price": 9500,
        "room": 17,
        "area": "臺北市"
      },
      "geometry": {
        "type": "Point",
        "coordinates": [
          121.505914,
          25.041558
        ]
      }
    },
    {
      "type": "Feature",
      "properties": {
        "name": "西門大飯店",
        "address": "臺北市萬華區中華路一段78號2之6樓",
        "phone": "02-23819922",
        "button_price": 2180,
        "higher_price": 24880,
        "room": 78,
        "area": "臺北市"
      },
      "geometry": {
        "type": "Point",
        "coordinates": [
          121.508846,
          25.04557
        ]
      }
    },
    {
      "type": "Feature",
      "properties": {
        "name": "泉都溫泉會館",
        "address": "臺北市北投區光明路220號",
        "phone": "02-28960077",
        "button_price": 1800,
        "higher_price": 7200,
        "room": 64,
        "area": "臺北市"
      },
      "geometry": {
        "type": "Point",
        "coordinates": [
          121.504526,
          25.13624
        ]
      }
    },
    {
      "type": "Feature",
      "properties": {
        "name": "洛碁大飯店山水閣",
        "address": "臺北市中山區中山北路二段181號1之5樓",
        "phone": "02-25971281",
        "button_price": 3000,
        "higher_price": 17000,
        "room": 32,
        "area": "臺北市"
      },
      "geometry": {
        "type": "Point",
        "coordinates": [
          121.52273,
          25.063258
        ]
      }
    },
    {
      "type": "Feature",
      "properties": {
        "name": "洛碁大飯店慶天閣",
        "address": "臺北市中山區中山北路二段181號7之9樓",
        "phone": "02-25971281",
        "button_price": 3000,
        "higher_price": 17000,
        "room": 24,
        "area": "臺北市"
      },
      "geometry": {
        "type": "Point",
        "coordinates": [
          121.52273,
          25.063258
        ]
      }
    },
    {
      "type": "Feature",
      "properties": {
        "name": "洛碁大飯店協美",
        "address": "臺北市中山區中山北路二段181號10之12樓",
        "phone": "02-25971281",
        "button_price": 3000,
        "higher_price": 17000,
        "room": 24,
        "area": "臺北市"
      },
      "geometry": {
        "type": "Point",
        "coordinates": [
          121.52273,
          25.063258
        ]
      }
    },
    {
      "type": "Feature",
      "properties": {
        "name": "老爺商務會館",
        "address": "臺北市中山區南京西路1號8之11樓",
        "phone": "02-25316171",
        "button_price": 3000,
        "higher_price": 15000,
        "room": 76,
        "area": "臺北市"
      },
      "geometry": {
        "type": "Point",
        "coordinates": [
          121.522085,
          25.052471
        ]
      }
    },
    {
      "type": "Feature",
      "properties": {
        "name": "友華賓館",
        "address": "臺北市松山區八德路四段656656之1號6樓",
        "phone": "02-27630505",
        "button_price": 1400,
        "higher_price": 6600,
        "room": 30,
        "area": "臺北市"
      },
      "geometry": {
        "type": "Point",
        "coordinates": [
          121.579295,
          25.05018
        ]
      }
    },
    {
      "type": "Feature",
      "properties": {
        "name": "享住旅店 Just Live Inn",
        "address": "臺北市中正區漢口街一段46號2之4樓",
        "phone": "02-23713151",
        "button_price": 3450,
        "higher_price": 4650,
        "room": 18,
        "area": "臺北市"
      },
      "geometry": {
        "type": "Point",
        "coordinates": [
          121.513696,
          25.045097
        ]
      }
    },
    {
      "type": "Feature",
      "properties": {
        "name": "香城大飯店",
        "address": "臺北市大安區信義路四段295號1至11樓",
        "phone": "02-27049546",
        "button_price": 15000,
        "higher_price": 16000,
        "room": 60,
        "area": "臺北市"
      },
      "geometry": {
        "type": "Point",
        "coordinates": [
          121.55526,
          25.033329
        ]
      }
    },
    {
      "type": "Feature",
      "properties": {
        "name": "喬合大飯店",
        "address": "臺北市大安區復興南路一段136號1至4樓復興南路一段126巷10弄1號等3號2樓至2樓之83號3樓至3樓之83號4樓至4樓之103號5至5樓之103號6樓至6樓之9",
        "phone": "02-27765877",
        "button_price": 10000,
        "higher_price": 14000,
        "room": 69,
        "area": "臺北市"
      },
      "geometry": {
        "type": "Point",
        "coordinates": [
          121.543103,
          25.042809
        ]
      }
    },
    {
      "type": "Feature",
      "properties": {
        "name": "璞漣商務旅館臺北車站店",
        "address": "臺北市大同區華陰街46號3樓",
        "phone": "02-25592662",
        "button_price": 6000,
        "higher_price": 15000,
        "room": 43,
        "area": "臺北市"
      },
      "geometry": {
        "type": "Point",
        "coordinates": [
          121.515705,
          25.05006
        ]
      }
    },
    {
      "type": "Feature",
      "properties": {
        "name": "一等好旅店",
        "address": "臺北市松山區八德路四段624巷2號B1之1樓4號2之6樓",
        "phone": "02-27609255",
        "button_price": 1500,
        "higher_price": 6000,
        "room": 32,
        "area": "臺北市"
      },
      "geometry": {
        "type": "Point",
        "coordinates": [
          121.574012,
          25.04961
        ]
      }
    },
    {
      "type": "Feature",
      "properties": {
        "name": "承攜行旅台北重慶館",
        "address": "臺北市大同區重慶北路一段62號14至10樓",
        "phone": "02-25580551",
        "button_price": 7200,
        "higher_price": 18000,
        "room": 168,
        "area": "臺北市"
      },
      "geometry": {
        "type": "Point",
        "coordinates": [
          121.513852,
          25.052088
        ]
      }
    },
    {
      "type": "Feature",
      "properties": {
        "name": "賓王大飯店",
        "address": "臺北市大同區南京西路163號3至4樓",
        "phone": "02-25555182",
        "button_price": 5500,
        "higher_price": 15000,
        "room": 53,
        "area": "臺北市"
      },
      "geometry": {
        "type": "Point",
        "coordinates": [
          121.513129,
          25.054082
        ]
      }
    },
    {
      "type": "Feature",
      "properties": {
        "name": "雲富大飯店",
        "address": "臺北市中山區長春路24號2樓至8樓",
        "phone": "02-25316767",
        "button_price": 10000,
        "higher_price": 36000,
        "room": 55,
        "area": "臺北市"
      },
      "geometry": {
        "type": "Point",
        "coordinates": [
          121.524204,
          25.054853
        ]
      }
    },
    {
      "type": "Feature",
      "properties": {
        "name": "柯達大飯店台北二店",
        "address": "臺北市中山區中山北路二段139號",
        "phone": "02-25255555",
        "button_price": 1000,
        "higher_price": 20000,
        "room": 87,
        "area": "臺北市"
      },
      "geometry": {
        "type": "Point",
        "coordinates": [
          121.523064,
          25.06183
        ]
      }
    },
    {
      "type": "Feature",
      "properties": {
        "name": "凱微精品旅館",
        "address": "臺北市中山區林森北路381號9之10樓",
        "phone": "02-25426879",
        "button_price": 3980,
        "higher_price": 5000,
        "room": 28,
        "area": "臺北市"
      },
      "geometry": {
        "type": "Point",
        "coordinates": [
          121.525656,
          25.058487
        ]
      }
    },
    {
      "type": "Feature",
      "properties": {
        "name": "香都大飯店（香城長安）",
        "address": "臺北市中山區長安東路一段52號",
        "phone": "02-25312121",
        "button_price": 6500,
        "higher_price": 8600,
        "room": 35,
        "area": "臺北市"
      },
      "geometry": {
        "type": "Point",
        "coordinates": [
          121.527883,
          25.04828
        ]
      }
    },
    {
      "type": "Feature",
      "properties": {
        "name": "國州大旅社",
        "address": "臺北市文山區羅斯福路四段208號1之2樓",
        "phone": "02-23652284",
        "button_price": 1000,
        "higher_price": 3600,
        "room": 13,
        "area": "臺北市"
      },
      "geometry": {
        "type": "Point",
        "coordinates": [
          121.537046,
          25.0105
        ]
      }
    },
    {
      "type": "Feature",
      "properties": {
        "name": "欣和大旅社",
        "address": "臺北市大安區羅斯福路二段75之1號2之6樓",
        "phone": "02-23660105",
        "button_price": 1100,
        "higher_price": 2400,
        "room": 38,
        "area": "臺北市"
      },
      "geometry": {
        "type": "Point",
        "coordinates": [
          121.52319,
          25.026423
        ]
      }
    },
    {
      "type": "Feature",
      "properties": {
        "name": "幸福大旅社",
        "address": "臺北市萬華區內江街55巷26號1之4樓",
        "phone": "02-23716808",
        "button_price": 3500,
        "higher_price": 4500,
        "room": 22,
        "area": "臺北市"
      },
      "geometry": {
        "type": "Point",
        "coordinates": [
          121.505273,
          25.042628
        ]
      }
    },
    {
      "type": "Feature",
      "properties": {
        "name": "夜光商旅",
        "address": "臺北市萬華區內江街55巷11號1至4樓13號2至4樓",
        "phone": "02-23815059",
        "button_price": 2000,
        "higher_price": 4200,
        "room": 16,
        "area": "臺北市"
      },
      "geometry": {
        "type": "Point",
        "coordinates": [
          121.505294,
          25.042196
        ]
      }
    },
    {
      "type": "Feature",
      "properties": {
        "name": "瑾旅南西",
        "address": "臺北市大同區南京西路151號6至12樓",
        "phone": "02-25593232",
        "button_price": 8280,
        "higher_price": 11160,
        "room": 45,
        "area": "臺北市"
      },
      "geometry": {
        "type": "Point",
        "coordinates": [
          121.513592,
          25.05411
        ]
      }
    },
    {
      "type": "Feature",
      "properties": {
        "name": "囍閱文創旅店",
        "address": "臺北市萬華區長沙街二段11號10樓",
        "phone": "02-23886235",
        "button_price": 6200,
        "higher_price": 9000,
        "room": 20,
        "area": "臺北市"
      },
      "geometry": {
        "type": "Point",
        "coordinates": [
          121.506936,
          25.040707
        ]
      }
    },
    {
      "type": "Feature",
      "properties": {
        "name": "馥悅溫泉酒店",
        "address": "臺北市北投區中山路26號1之5樓",
        "phone": "02-28969798",
        "button_price": 11000,
        "higher_price": 11000,
        "room": 44,
        "area": "臺北市"
      },
      "geometry": {
        "type": "Point",
        "coordinates": [
          121.506511,
          25.136724
        ]
      }
    },
    {
      "type": "Feature",
      "properties": {
        "name": "苓旅站前",
        "address": "臺北市中正區忠孝西路一段72號4樓",
        "phone": "02-23814755、 0907-551203",
        "button_price": 1280,
        "higher_price": 11180,
        "room": 35,
        "area": "臺北市"
      },
      "geometry": {
        "type": "Point",
        "coordinates": [
          121.514062,
          25.046827
        ]
      }
    },
    {
      "type": "Feature",
      "properties": {
        "name": "欣欣時尚旅店松山站",
        "address": "臺北市松山區八德路四段453巷12號8之9樓",
        "phone": "02-27688832",
        "button_price": 7000,
        "higher_price": 12000,
        "room": 32,
        "area": "臺北市"
      },
      "geometry": {
        "type": "Point",
        "coordinates": [
          121.57034,
          25.050386
        ]
      }
    },
    {
      "type": "Feature",
      "properties": {
        "name": "宏洲旅社",
        "address": "臺北市萬華區漢中街4號1之7樓",
        "phone": "02-23319841",
        "button_price": 12000,
        "higher_price": 12000,
        "room": 28,
        "area": "臺北市"
      },
      "geometry": {
        "type": "Point",
        "coordinates": [
          121.507824,
          25.045922
        ]
      }
    },
    {
      "type": "Feature",
      "properties": {
        "name": "欣欣時尚旅店",
        "address": "臺北市萬華區昆明街34號4樓",
        "phone": "02-23112898",
        "button_price": 7000,
        "higher_price": 12000,
        "room": 13,
        "area": "臺北市"
      },
      "geometry": {
        "type": "Point",
        "coordinates": [
          121.505885,
          25.047004
        ]
      }
    },
    {
      "type": "Feature",
      "properties": {
        "name": "水都溫泉會館",
        "address": "臺北市北投區光明路283號",
        "phone": "02-28979060",
        "button_price": 3300,
        "higher_price": 6000,
        "room": 33,
        "area": "臺北市"
      },
      "geometry": {
        "type": "Point",
        "coordinates": [
          121.511042,
          25.136952
        ]
      }
    },
    {
      "type": "Feature",
      "properties": {
        "name": "新秀閣大飯店",
        "address": "臺北市北投區光明路238號1之5樓",
        "phone": "02-28912166",
        "button_price": 1500,
        "higher_price": 3000,
        "room": 17,
        "area": "臺北市"
      },
      "geometry": {
        "type": "Point",
        "coordinates": [
          121.507223,
          25.136074
        ]
      }
    },
    {
      "type": "Feature",
      "properties": {
        "name": "台北國際飯店",
        "address": "臺北市中山區南京東路一段66號B1之10樓",
        "phone": "02-66085999",
        "button_price": 6600,
        "higher_price": 11800,
        "room": 85,
        "area": "臺北市"
      },
      "geometry": {
        "type": "Point",
        "coordinates": [
          121.52508,
          25.051932
        ]
      }
    },
    {
      "type": "Feature",
      "properties": {
        "name": "長榮桂冠酒店 (台北)",
        "address": "臺北市中山區松江路63號",
        "phone": "02-25019988",
        "button_price": 11500,
        "higher_price": 68000,
        "room": 95,
        "area": "臺北市"
      },
      "geometry": {
        "type": "Point",
        "coordinates": [
          121.533176,
          25.048863
        ]
      }
    },
    {
      "type": "Feature",
      "properties": {
        "name": "瑞華旅社",
        "address": "臺北市大安區忠孝東路四段235號4之5樓",
        "phone": "02-27413147",
        "button_price": 4300,
        "higher_price": 4300,
        "room": 20,
        "area": "臺北市"
      },
      "geometry": {
        "type": "Point",
        "coordinates": [
          121.553777,
          25.04162
        ]
      }
    },
    {
      "type": "Feature",
      "properties": {
        "name": "樂爾公寓",
        "address": "臺北市大同區延平北路三段4號6樓6樓之1",
        "phone": "02-25850006",
        "button_price": 8000,
        "higher_price": 15000,
        "room": 20,
        "area": "臺北市"
      },
      "geometry": {
        "type": "Point",
        "coordinates": [
          121.51105,
          25.063437
        ]
      }
    },
    {
      "type": "Feature",
      "properties": {
        "name": "台北馥敦飯店復南館",
        "address": "臺北市大安區復興南路二段41號",
        "phone": "02-27031234",
        "button_price": 2800,
        "higher_price": 30000,
        "room": 95,
        "area": "臺北市"
      },
      "geometry": {
        "type": "Point",
        "coordinates": [
          121.543769,
          25.031459
        ]
      }
    },
    {
      "type": "Feature",
      "properties": {
        "name": "金弘旅社",
        "address": "臺北市大同區南京西路316號4樓",
        "phone": "02-25554038",
        "button_price": 14800,
        "higher_price": 14800,
        "room": 19,
        "area": "臺北市"
      },
      "geometry": {
        "type": "Point",
        "coordinates": [
          121.512946,
          25.053865
        ]
      }
    },
    {
      "type": "Feature",
      "properties": {
        "name": "大欣大飯店",
        "address": "臺北市中山區中山北路二段27巷2之2號1之5樓",
        "phone": "02-25652155",
        "button_price": 5500,
        "higher_price": 6500,
        "room": 32,
        "area": "臺北市"
      },
      "geometry": {
        "type": "Point",
        "coordinates": [
          121.523206,
          25.053135
        ]
      }
    },
    {
      "type": "Feature",
      "properties": {
        "name": "新榮大旅社",
        "address": "臺北市士林區文林路116號",
        "phone": "02-28812531",
        "button_price": 1200,
        "higher_price": 1700,
        "room": 18,
        "area": "臺北市"
      },
      "geometry": {
        "type": "Point",
        "coordinates": [
          121.526397,
          25.088227
        ]
      }
    },
    {
      "type": "Feature",
      "properties": {
        "name": "旅居文旅中山館",
        "address": "臺北市中山區錦西街6號",
        "phone": "02-25117111",
        "button_price": 3000,
        "higher_price": 18000,
        "room": 70,
        "area": "臺北市"
      },
      "geometry": {
        "type": "Point",
        "coordinates": [
          121.521967,
          25.060224
        ]
      }
    },
    {
      "type": "Feature",
      "properties": {
        "name": "吉緻行旅天津館",
        "address": "臺北市中山區天津街57號2至8樓",
        "phone": "02-25365678",
        "button_price": 8800,
        "higher_price": 12000,
        "room": 55,
        "area": "臺北市"
      },
      "geometry": {
        "type": "Point",
        "coordinates": [
          121.523347,
          25.051034
        ]
      }
    },
    {
      "type": "Feature",
      "properties": {
        "name": "東京國際飯店",
        "address": "臺北市中山區長春路39號2之6樓",
        "phone": "02-25643733",
        "button_price": 3600,
        "higher_price": 9000,
        "room": 43,
        "area": "臺北市"
      },
      "geometry": {
        "type": "Point",
        "coordinates": [
          121.525917,
          25.055033
        ]
      }
    },
    {
      "type": "Feature",
      "properties": {
        "name": "上賓大飯店",
        "address": "臺北市中山區錦州街23巷4號",
        "phone": "02-25113232",
        "button_price": 1680,
        "higher_price": 18800,
        "room": 50,
        "area": "臺北市"
      },
      "geometry": {
        "type": "Point",
        "coordinates": [
          121.525091,
          25.060654
        ]
      }
    },
    {
      "type": "Feature",
      "properties": {
        "name": "士林町旅店",
        "address": "臺北市士林區安平街26號1至4樓",
        "phone": "02-28813133",
        "button_price": 1680,
        "higher_price": 4200,
        "room": 10,
        "area": "臺北市"
      },
      "geometry": {
        "type": "Point",
        "coordinates": [
          121.52539,
          25.088505
        ]
      }
    },
    {
      "type": "Feature",
      "properties": {
        "name": "帝華旅社",
        "address": "臺北市萬華區桂林路89號11之12樓",
        "phone": "02-23118411",
        "button_price": 1680,
        "higher_price": 3080,
        "room": 32,
        "area": "臺北市"
      },
      "geometry": {
        "type": "Point",
        "coordinates": [
          121.501531,
          25.038509
        ]
      }
    },
    {
      "type": "Feature",
      "properties": {
        "name": "明日大飯店",
        "address": "臺北市萬華區成都路23號27巷1號6至8樓",
        "phone": "02-23755500",
        "button_price": 12880,
        "higher_price": 16880,
        "room": 40,
        "area": "臺北市"
      },
      "geometry": {
        "type": "Point",
        "coordinates": [
          121.506876,
          25.042767
        ]
      }
    },
    {
      "type": "Feature",
      "properties": {
        "name": "立建賓館",
        "address": "臺北市松山區八德路四段656656之1號7之8樓",
        "phone": "02-27691135",
        "button_price": 1100,
        "higher_price": 9500,
        "room": 66,
        "area": "臺北市"
      },
      "geometry": {
        "type": "Point",
        "coordinates": [
          121.579295,
          25.05018
        ]
      }
    },
    {
      "type": "Feature",
      "properties": {
        "name": "華大HOTEL",
        "address": "臺北市信義區永吉路30巷150號1之7樓",
        "phone": "02-27635313",
        "button_price": 1200,
        "higher_price": 12000,
        "room": 24,
        "area": "臺北市"
      },
      "geometry": {
        "type": "Point",
        "coordinates": [
          121.568657,
          25.042617
        ]
      }
    },
    {
      "type": "Feature",
      "properties": {
        "name": "新驛旅店",
        "address": "臺北市中正區懷寧街7號",
        "phone": "02-23148008",
        "button_price": 6000,
        "higher_price": 11000,
        "room": 51,
        "area": "臺北市"
      },
      "geometry": {
        "type": "Point",
        "coordinates": [
          121.514281,
          25.046233
        ]
      }
    },
    {
      "type": "Feature",
      "properties": {
        "name": "台北星辰旅館",
        "address": "臺北市中正區金山南路一段80號1至7樓",
        "phone": "02-23971377",
        "button_price": 2580,
        "higher_price": 15000,
        "room": 52,
        "area": "臺北市"
      },
      "geometry": {
        "type": "Point",
        "coordinates": [
          121.52761,
          25.036438
        ]
      }
    },
    {
      "type": "Feature",
      "properties": {
        "name": "華冠商旅HOTEL",
        "address": "臺北市萬華區西昌街137\t139號1之6樓",
        "phone": "02-23616076",
        "button_price": 1100,
        "higher_price": 1500,
        "room": 46,
        "area": "臺北市"
      },
      "geometry": {
        "type": "Point",
        "coordinates": [
          121.500749,
          25.039766
        ]
      }
    },
    {
      "type": "Feature",
      "properties": {
        "name": "嘉榮旅社",
        "address": "臺北市大同區太原路28巷11號2至4樓",
        "phone": "02-25585887",
        "button_price": 1800,
        "higher_price": 1800,
        "room": 15,
        "area": "臺北市"
      },
      "geometry": {
        "type": "Point",
        "coordinates": [
          121.514728,
          25.050087
        ]
      }
    },
    {
      "type": "Feature",
      "properties": {
        "name": "建山大旅社",
        "address": "臺北市大同區歸綏街182號2之4樓",
        "phone": "02-25520680",
        "button_price": 3000,
        "higher_price": 6000,
        "room": 13,
        "area": "臺北市"
      },
      "geometry": {
        "type": "Point",
        "coordinates": [
          121.512229,
          25.058091
        ]
      }
    },
    {
      "type": "Feature",
      "properties": {
        "name": "新驛旅店台北車站二館",
        "address": "臺北市大同區長安西路83號",
        "phone": "02-25555577",
        "button_price": 9500,
        "higher_price": 12500,
        "room": 50,
        "area": "臺北市"
      },
      "geometry": {
        "type": "Point",
        "coordinates": [
          121.516566,
          25.051089
        ]
      }
    },
    {
      "type": "Feature",
      "properties": {
        "name": "儷萊飯店(普亨萊大飯店)",
        "address": "臺北市中正區中華路一段21號12樓",
        "phone": "02-23111440",
        "button_price": 5000,
        "higher_price": 12000,
        "room": 13,
        "area": "臺北市"
      },
      "geometry": {
        "type": "Point",
        "coordinates": [
          121.509913,
          25.046389
        ]
      }
    },
    {
      "type": "Feature",
      "properties": {
        "name": "台北馥敦飯店",
        "address": "臺北市松山區復興北路315號1之7樓",
        "phone": "02-27138181",
        "button_price": 10000,
        "higher_price": 70000,
        "room": 71,
        "area": "臺北市"
      },
      "geometry": {
        "type": "Point",
        "coordinates": [
          121.544416,
          25.059114
        ]
      }
    },
    {
      "type": "Feature",
      "properties": {
        "name": "仙渡莊旅社",
        "address": "臺北市北投區大度路三段304號",
        "phone": "02-28913537",
        "button_price": 2000,
        "higher_price": 3000,
        "room": 14,
        "area": "臺北市"
      },
      "geometry": {
        "type": "Point",
        "coordinates": [
          121.465802,
          25.123622
        ]
      }
    },
    {
      "type": "Feature",
      "properties": {
        "name": "美代溫泉飯店",
        "address": "臺北市北投區光明路281號1之3樓",
        "phone": "02-28912174",
        "button_price": 2000,
        "higher_price": 5600,
        "room": 20,
        "area": "臺北市"
      },
      "geometry": {
        "type": "Point",
        "coordinates": [
          121.510825,
          25.137136
        ]
      }
    },
    {
      "type": "Feature",
      "properties": {
        "name": "儷萊旅館",
        "address": "臺北市中正區中華路一段21號4之5樓8之11樓",
        "phone": "02-23111440",
        "button_price": 3960,
        "higher_price": 12000,
        "room": 78,
        "area": "臺北市"
      },
      "geometry": {
        "type": "Point",
        "coordinates": [
          121.509913,
          25.046389
        ]
      }
    },
    {
      "type": "Feature",
      "properties": {
        "name": "真珠賓館",
        "address": "臺北市士林區延平北路五段67號3樓",
        "phone": "02-28127971",
        "button_price": 700,
        "higher_price": 700,
        "room": 6,
        "area": "臺北市"
      },
      "geometry": {
        "type": "Point",
        "coordinates": [
          121.510615,
          25.080594
        ]
      }
    },
    {
      "type": "Feature",
      "properties": {
        "name": "在家行旅 ",
        "address": "臺北市中山區中山北路二段65巷2弄3號1之4樓",
        "phone": "02-25413959",
        "button_price": 1000,
        "higher_price": 6200,
        "room": 15,
        "area": "臺北市"
      },
      "geometry": {
        "type": "Point",
        "coordinates": [
          121.523835,
          25.056764
        ]
      }
    },
    {
      "type": "Feature",
      "properties": {
        "name": "葫蘆商旅",
        "address": "臺北市士林區重慶北路四段202號1之4樓204號1樓",
        "phone": "02-28119395",
        "button_price": 1000,
        "higher_price": 9000,
        "room": 19,
        "area": "臺北市"
      },
      "geometry": {
        "type": "Point",
        "coordinates": [
          121.511678,
          25.08527
        ]
      }
    },
    {
      "type": "Feature",
      "properties": {
        "name": "上華旅館",
        "address": "臺北市中山區雙城街5號2樓至6樓",
        "phone": "02-25911190",
        "button_price": 4000,
        "higher_price": 22000,
        "room": 40,
        "area": "臺北市"
      },
      "geometry": {
        "type": "Point",
        "coordinates": [
          121.524456,
          25.063554
        ]
      }
    },
    {
      "type": "Feature",
      "properties": {
        "name": "背包棧旅店西門店",
        "address": "臺北市萬華區康定路25巷13號",
        "phone": "02-89783666",
        "button_price": 4000,
        "higher_price": 12000,
        "room": 19,
        "area": "臺北市"
      },
      "geometry": {
        "type": "Point",
        "coordinates": [
          121.503292,
          25.043956
        ]
      }
    },
    {
      "type": "Feature",
      "properties": {
        "name": "松林旅社",
        "address": "臺北市萬華區桂林路174號3至5樓及夾層176號1至5樓及夾層",
        "phone": "02-23067122",
        "button_price": 850,
        "higher_price": 2600,
        "room": 31,
        "area": "臺北市"
      },
      "geometry": {
        "type": "Point",
        "coordinates": [
          121.497273,
          25.038422
        ]
      }
    },
    {
      "type": "Feature",
      "properties": {
        "name": "龍山旅社",
        "address": "臺北市萬華區西園路一段125巷13之1號1之3樓",
        "phone": "02-23064990",
        "button_price": 2600,
        "higher_price": 2600,
        "room": 14,
        "area": "臺北市"
      },
      "geometry": {
        "type": "Point",
        "coordinates": [
          121.499824,
          25.037597
        ]
      }
    },
    {
      "type": "Feature",
      "properties": {
        "name": "曲水會館",
        "address": "臺北市北投區溫泉路105號1之3樓",
        "phone": "02-28912151",
        "button_price": 8000,
        "higher_price": 19800,
        "room": 19,
        "area": "臺北市"
      },
      "geometry": {
        "type": "Point",
        "coordinates": [
          121.511955,
          25.136452
        ]
      }
    },
    {
      "type": "Feature",
      "properties": {
        "name": "玩行旅 大安分館",
        "address": "臺北市大安區大安路一段81號1之7樓81之1號81號2樓之13樓之1至之54樓之1至之55樓之1至之56樓之1至之57樓之1至之5",
        "phone": "02-87727862",
        "button_price": 7380,
        "higher_price": 10880,
        "room": 65,
        "area": "臺北市"
      },
      "geometry": {
        "type": "Point",
        "coordinates": [
          121.546224,
          25.041067
        ]
      }
    },
    {
      "type": "Feature",
      "properties": {
        "name": "美上美旅館",
        "address": "臺北市萬華區西園路一段168號11樓",
        "phone": "02-23088105",
        "button_price": 1500,
        "higher_price": 2000,
        "room": 9,
        "area": "臺北市"
      },
      "geometry": {
        "type": "Point",
        "coordinates": [
          121.499262,
          25.036816
        ]
      }
    },
    {
      "type": "Feature",
      "properties": {
        "name": "唐門客棧",
        "address": "臺北市中正區信義路二段33號2樓",
        "phone": "02-23963322",
        "button_price": 2000,
        "higher_price": 3000,
        "room": 28,
        "area": "臺北市"
      },
      "geometry": {
        "type": "Point",
        "coordinates": [
          121.52585,
          25.034925
        ]
      }
    },
    {
      "type": "Feature",
      "properties": {
        "name": "水美溫泉會館",
        "address": "臺北市北投區光明路224號",
        "phone": "02-28983838",
        "button_price": 9000,
        "higher_price": 50000,
        "room": 78,
        "area": "臺北市"
      },
      "geometry": {
        "type": "Point",
        "coordinates": [
          121.505039,
          25.136177
        ]
      }
    },
    {
      "type": "Feature",
      "properties": {
        "name": "力歐時尚旅館西門館",
        "address": "臺北市萬華區康定路25巷36弄46號2之4樓",
        "phone": "02-23889855",
        "button_price": 800,
        "higher_price": 3000,
        "room": 17,
        "area": "臺北市"
      },
      "geometry": {
        "type": "Point",
        "coordinates": [
          121.504047,
          25.043536
        ]
      }
    },
    {
      "type": "Feature",
      "properties": {
        "name": "古山園旅社",
        "address": "臺北市萬華區華西街40巷16號",
        "phone": "02-23067408",
        "button_price": 1000,
        "higher_price": 2600,
        "room": 20,
        "area": "臺北市"
      },
      "geometry": {
        "type": "Point",
        "coordinates": [
          121.497979,
          25.037251
        ]
      }
    },
    {
      "type": "Feature",
      "properties": {
        "name": "銀座飯店",
        "address": "臺北市中山區林森北路289號4樓之1至3",
        "phone": "02-25627733",
        "button_price": 1680,
        "higher_price": 5680,
        "room": 15,
        "area": "臺北市"
      },
      "geometry": {
        "type": "Point",
        "coordinates": [
          121.525578,
          25.055589
        ]
      }
    },
    {
      "type": "Feature",
      "properties": {
        "name": "星美飯店",
        "address": "臺北市士林區前港街38之1",
        "phone": "02-28828080",
        "button_price": 1900,
        "higher_price": 20000,
        "room": 48,
        "area": "臺北市"
      },
      "geometry": {
        "type": "Point",
        "coordinates": [
          121.523024,
          25.084685
        ]
      }
    },
    {
      "type": "Feature",
      "properties": {
        "name": "瑪奇商務旅店",
        "address": "臺北市文山區景中街30巷6號3之4樓",
        "phone": "02-29321000",
        "button_price": 2380,
        "higher_price": 3280,
        "room": 26,
        "area": "臺北市"
      },
      "geometry": {
        "type": "Point",
        "coordinates": [
          121.541976,
          24.992501
        ]
      }
    },
    {
      "type": "Feature",
      "properties": {
        "name": "新仕商務旅店　　",
        "address": "臺北市中山區民生西路8號及附2之12樓",
        "phone": "02-25627466",
        "button_price": 3000,
        "higher_price": 15000,
        "room": 44,
        "area": "臺北市"
      },
      "geometry": {
        "type": "Point",
        "coordinates": [
          121.522279,
          25.057713
        ]
      }
    },
    {
      "type": "Feature",
      "properties": {
        "name": "富順大飯店",
        "address": "臺北市大同區南京西路177號",
        "phone": "02-25551016",
        "button_price": 1600,
        "higher_price": 3900,
        "room": 88,
        "area": "臺北市"
      },
      "geometry": {
        "type": "Point",
        "coordinates": [
          121.512646,
          25.054048
        ]
      }
    },
    {
      "type": "Feature",
      "properties": {
        "name": "豪贊旅店",
        "address": "臺北市萬華區昆明街34號2樓",
        "phone": "02-23702199",
        "button_price": 10000,
        "higher_price": 20000,
        "room": 14,
        "area": "臺北市"
      },
      "geometry": {
        "type": "Point",
        "coordinates": [
          121.505885,
          25.047004
        ]
      }
    },
    {
      "type": "Feature",
      "properties": {
        "name": "新月商旅",
        "address": "臺北市中山區新生北路一段122號1之7樓",
        "phone": "02-25213301",
        "button_price": 2000,
        "higher_price": 8000,
        "room": 42,
        "area": "臺北市"
      },
      "geometry": {
        "type": "Point",
        "coordinates": [
          121.527739,
          25.050799
        ]
      }
    },
    {
      "type": "Feature",
      "properties": {
        "name": "北城大飯店",
        "address": "臺北市中山區長春路279號B1之12樓",
        "phone": "02-25017601",
        "button_price": 3200,
        "higher_price": 3600,
        "room": 55,
        "area": "臺北市"
      },
      "geometry": {
        "type": "Point",
        "coordinates": [
          121.541273,
          25.05476
        ]
      }
    },
    {
      "type": "Feature",
      "properties": {
        "name": "洛碁大飯店新仕界",
        "address": "臺北市萬華區昆明街139號2樓141號3至9樓7樓之1至138樓之1至8",
        "phone": "02-23118863",
        "button_price": 3000,
        "higher_price": 18000,
        "room": 107,
        "area": "臺北市"
      },
      "geometry": {
        "type": "Point",
        "coordinates": [
          121.504523,
          25.041029
        ]
      }
    },
    {
      "type": "Feature",
      "properties": {
        "name": "雅莊旅館",
        "address": "臺北市中山區民族東路438號B1至4樓440號B1至5樓",
        "phone": "02-25075999",
        "button_price": 2880,
        "higher_price": 3080,
        "room": 37,
        "area": "臺北市"
      },
      "geometry": {
        "type": "Point",
        "coordinates": [
          121.539483,
          25.067951
        ]
      }
    },
    {
      "type": "Feature",
      "properties": {
        "name": "丹迪旅店-天津店",
        "address": "臺北市中山區中山北路一段135巷13號",
        "phone": "02-25415788",
        "button_price": 10000,
        "higher_price": 12000,
        "room": 30,
        "area": "臺北市"
      },
      "geometry": {
        "type": "Point",
        "coordinates": [
          121.523304,
          25.051665
        ]
      }
    },
    {
      "type": "Feature",
      "properties": {
        "name": "大新飯店",
        "address": "臺北市中山區長春路246號11之12樓",
        "phone": "02-25068866",
        "button_price": 9800,
        "higher_price": 11800,
        "room": 11,
        "area": "臺北市"
      },
      "geometry": {
        "type": "Point",
        "coordinates": [
          121.538379,
          25.0546
        ]
      }
    },
    {
      "type": "Feature",
      "properties": {
        "name": "密都大飯店",
        "address": "臺北市中山區長春路246號2之9樓",
        "phone": "02-25068866",
        "button_price": 10800,
        "higher_price": 16800,
        "room": 48,
        "area": "臺北市"
      },
      "geometry": {
        "type": "Point",
        "coordinates": [
          121.538379,
          25.0546
        ]
      }
    },
    {
      "type": "Feature",
      "properties": {
        "name": "麗之湯別館",
        "address": "臺北市北投區溫泉路銀光巷4之2號",
        "phone": "02-28910033",
        "button_price": 6000,
        "higher_price": 14000,
        "room": 40,
        "area": "臺北市"
      },
      "geometry": {
        "type": "Point",
        "coordinates": [
          121.513752,
          25.136061
        ]
      }
    },
    {
      "type": "Feature",
      "properties": {
        "name": "鴨川旅館",
        "address": "臺北市中山區中山北路二段65巷2弄60號1之6樓",
        "phone": "02-25603965",
        "button_price": 2000,
        "higher_price": 2000,
        "room": 20,
        "area": "臺北市"
      },
      "geometry": {
        "type": "Point",
        "coordinates": [
          121.524846,
          25.056595
        ]
      }
    },
    {
      "type": "Feature",
      "properties": {
        "name": "山樂溫泉",
        "address": "臺北市北投區泉源路1巷17號1之2樓",
        "phone": "02-28913388",
        "button_price": 4600,
        "higher_price": 15000,
        "room": 9,
        "area": "臺北市"
      },
      "geometry": {
        "type": "Point",
        "coordinates": [
          121.504028,
          25.138038
        ]
      }
    },
    {
      "type": "Feature",
      "properties": {
        "name": "山水樂會館",
        "address": "臺北市北投區中和街20巷6號",
        "phone": "02-28922665",
        "button_price": 8600,
        "higher_price": 15000,
        "room": 18,
        "area": "臺北市"
      },
      "geometry": {
        "type": "Point",
        "coordinates": [
          121.503747,
          25.138033
        ]
      }
    },
    {
      "type": "Feature",
      "properties": {
        "name": "雅柏精緻旅館",
        "address": "臺北市松山區南京東路五段319321323325327329331號",
        "phone": "02-27645858",
        "button_price": 9200,
        "higher_price": 11000,
        "room": 36,
        "area": "臺北市"
      },
      "geometry": {
        "type": "Point",
        "coordinates": [
          0.0,
          0.0
        ]
      }
    },
    {
      "type": "Feature",
      "properties": {
        "name": "燦路都飯店",
        "address": "臺北市中山區民權東路一段9號地下1樓2之10樓",
        "phone": "02-25973610",
        "button_price": 6000,
        "higher_price": 10000,
        "room": 125,
        "area": "臺北市"
      },
      "geometry": {
        "type": "Point",
        "coordinates": [
          121.523326,
          25.062943
        ]
      }
    },
    {
      "type": "Feature",
      "properties": {
        "name": "瑞沂國際飯店",
        "address": "臺北市中山區松江路95之1號5樓",
        "phone": "0911-141111",
        "button_price": 1650,
        "higher_price": 1650,
        "room": 10,
        "area": "臺北市"
      },
      "geometry": {
        "type": "Point",
        "coordinates": [
          121.533212,
          25.050913
        ]
      }
    },
    {
      "type": "Feature",
      "properties": {
        "name": "君帥旅館",
        "address": "臺北市萬華區成都路68號8之10樓",
        "phone": "02-23718812",
        "button_price": 5000,
        "higher_price": 8000,
        "room": 35,
        "area": "臺北市"
      },
      "geometry": {
        "type": "Point",
        "coordinates": [
          121.505169,
          25.04286
        ]
      }
    },
    {
      "type": "Feature",
      "properties": {
        "name": "函舍旅館",
        "address": "臺北市萬華區成都路68號4之5樓",
        "phone": "02-23718812",
        "button_price": 5000,
        "higher_price": 8000,
        "room": 20,
        "area": "臺北市"
      },
      "geometry": {
        "type": "Point",
        "coordinates": [
          121.505169,
          25.04286
        ]
      }
    },
    {
      "type": "Feature",
      "properties": {
        "name": "百悅旅社",
        "address": "臺北市萬華區開封街二段42巷2號1之5樓44之1號6之7樓",
        "phone": "02-23881792",
        "button_price": 1380,
        "higher_price": 2580,
        "room": 26,
        "area": "臺北市"
      },
      "geometry": {
        "type": "Point",
        "coordinates": [
          121.507456,
          25.04622
        ]
      }
    },
    {
      "type": "Feature",
      "properties": {
        "name": "長春精品旅館",
        "address": "臺北市松山區慶城街29號",
        "phone": "02-27188268",
        "button_price": 3600,
        "higher_price": 5200,
        "room": 86,
        "area": "臺北市"
      },
      "geometry": {
        "type": "Point",
        "coordinates": [
          121.545604,
          25.054003
        ]
      }
    },
    {
      "type": "Feature",
      "properties": {
        "name": "緒遠旅館",
        "address": "臺北市中山區錦州街20號3樓",
        "phone": "02-25682005",
        "button_price": 980,
        "higher_price": 1580,
        "room": 8,
        "area": "臺北市"
      },
      "geometry": {
        "type": "Point",
        "coordinates": [
          121.524123,
          25.060255
        ]
      }
    },
    {
      "type": "Feature",
      "properties": {
        "name": "貴族商務旅館",
        "address": "臺北市士林區忠誠路二段21巷1012號1至6樓",
        "phone": "02-28323388",
        "button_price": 2280,
        "higher_price": 5560,
        "room": 49,
        "area": "臺北市"
      },
      "geometry": {
        "type": "Point",
        "coordinates": [
          121.531526,
          25.109575
        ]
      }
    },
    {
      "type": "Feature",
      "properties": {
        "name": "悠趣旅店",
        "address": "臺北市松山區長安東路二段219號12樓",
        "phone": "02-27752277",
        "button_price": 10000,
        "higher_price": 15000,
        "room": 27,
        "area": "臺北市"
      },
      "geometry": {
        "type": "Point",
        "coordinates": [
          121.544872,
          25.048362
        ]
      }
    },
    {
      "type": "Feature",
      "properties": {
        "name": "台北馥華商旅",
        "address": "臺北市中山區一江街3號3號2樓2樓之1至之143號3樓3樓之1至之143號4樓4樓之1至之143號5樓5樓之1至之143號6樓6樓之1至之143號7樓7樓之1至之14",
        "phone": "02-25118896",
        "button_price": 9000,
        "higher_price": 18000,
        "room": 90,
        "area": "臺北市"
      },
      "geometry": {
        "type": "Point",
        "coordinates": [
          121.531576,
          25.05075
        ]
      }
    },
    {
      "type": "Feature",
      "properties": {
        "name": "城市商旅-台北南西館",
        "address": "臺北市大同區南京西路169號",
        "phone": "02-25507722",
        "button_price": 7500,
        "higher_price": 20000,
        "room": 80,
        "area": "臺北市"
      },
      "geometry": {
        "type": "Point",
        "coordinates": [
          121.512728,
          25.054051
        ]
      }
    },
    {
      "type": "Feature",
      "properties": {
        "name": "芝山璞旅",
        "address": "臺北市士林區福國路106號1樓2之6樓之1至7",
        "phone": "02-28332323",
        "button_price": 5800,
        "higher_price": 15000,
        "room": 41,
        "area": "臺北市"
      },
      "geometry": {
        "type": "Point",
        "coordinates": [
          121.521452,
          25.102456
        ]
      }
    },
    {
      "type": "Feature",
      "properties": {
        "name": "香榭峇里賓館",
        "address": "臺北市大安區忠孝東路三段305號7樓",
        "phone": "02-27114159",
        "button_price": 880,
        "higher_price": 1890,
        "room": 9,
        "area": "臺北市"
      },
      "geometry": {
        "type": "Point",
        "coordinates": [
          121.543542,
          25.041886
        ]
      }
    },
    {
      "type": "Feature",
      "properties": {
        "name": "晴悅旅店",
        "address": "臺北市中山區新生北路三段10號23樓",
        "phone": "02-25992211",
        "button_price": 3500,
        "higher_price": 12000,
        "room": 19,
        "area": "臺北市"
      },
      "geometry": {
        "type": "Point",
        "coordinates": [
          121.527398,
          25.06324
        ]
      }
    },
    {
      "type": "Feature",
      "properties": {
        "name": "春天酒店",
        "address": "臺北市北投區幽雅路18號1之6樓",
        "phone": "02-28924546",
        "button_price": 11000,
        "higher_price": 25000,
        "room": 81,
        "area": "臺北市"
      },
      "geometry": {
        "type": "Point",
        "coordinates": [
          121.513688,
          25.137675
        ]
      }
    },
    {
      "type": "Feature",
      "properties": {
        "name": "高雅賓館",
        "address": "臺北市大安區和平東路三段139號及139號2樓至7樓141號及141號2樓至5樓",
        "phone": "02-27388947",
        "button_price": 1680,
        "higher_price": 5300,
        "room": 30,
        "area": "臺北市"
      },
      "geometry": {
        "type": "Point",
        "coordinates": [
          121.552521,
          25.024834
        ]
      }
    },
    {
      "type": "Feature",
      "properties": {
        "name": "富園國際商務飯店",
        "address": "臺北市萬華區中華路一段178號",
        "phone": "02-23887890",
        "button_price": 4800,
        "higher_price": 10000,
        "room": 45,
        "area": "臺北市"
      },
      "geometry": {
        "type": "Point",
        "coordinates": [
          121.507003,
          25.039164
        ]
      }
    },
    {
      "type": "Feature",
      "properties": {
        "name": "太平洋商旅",
        "address": "臺北市信義區光復南路495號11樓之2及13161719樓",
        "phone": "02-87808000",
        "button_price": 18000,
        "higher_price": 30000,
        "room": 48,
        "area": "臺北市"
      },
      "geometry": {
        "type": "Point",
        "coordinates": [
          121.557885,
          25.03246
        ]
      }
    },
    {
      "type": "Feature",
      "properties": {
        "name": "情覓汽車旅館 ",
        "address": "臺北市中山區植福路189號2樓",
        "phone": "02-85020689、 0930-849622",
        "button_price": 2200,
        "higher_price": 7200,
        "room": 16,
        "area": "臺北市"
      },
      "geometry": {
        "type": "Point",
        "coordinates": [
          121.55991,
          25.083745
        ]
      }
    },
    {
      "type": "Feature",
      "properties": {
        "name": "百樂匯大飯店",
        "address": "臺北市北投區溫泉路99號1之4樓",
        "phone": "02-28928288",
        "button_price": 2500,
        "higher_price": 32800,
        "room": 33,
        "area": "臺北市"
      },
      "geometry": {
        "type": "Point",
        "coordinates": [
          121.508887,
          25.136254
        ]
      }
    },
    {
      "type": "Feature",
      "properties": {
        "name": "印石時尚旅館",
        "address": "臺北市文山區秀明路二段15號",
        "phone": "02-86617070",
        "button_price": 4500,
        "higher_price": 12000,
        "room": 50,
        "area": "臺北市"
      },
      "geometry": {
        "type": "Point",
        "coordinates": [
          121.575418,
          24.992082
        ]
      }
    },
    {
      "type": "Feature",
      "properties": {
        "name": "天閣酒店(台北林森)",
        "address": "臺北市中山區中山北路一段83巷15號1樓至6樓",
        "phone": "02-25319999",
        "button_price": 12000,
        "higher_price": 20000,
        "room": 65,
        "area": "臺北市"
      },
      "geometry": {
        "type": "Point",
        "coordinates": [
          121.524351,
          25.050024
        ]
      }
    },
    {
      "type": "Feature",
      "properties": {
        "name": "喜瑞飯店",
        "address": "臺北市中山區長安東路一段64號B1之10樓",
        "phone": "02-25410077",
        "button_price": 10500,
        "higher_price": 19000,
        "room": 61,
        "area": "臺北市"
      },
      "geometry": {
        "type": "Point",
        "coordinates": [
          121.52938,
          25.047931
        ]
      }
    },
    {
      "type": "Feature",
      "properties": {
        "name": "貴都飯店",
        "address": "臺北市萬華區西藏路192之1號",
        "phone": "02-23029345",
        "button_price": 10800,
        "higher_price": 22800,
        "room": 69,
        "area": "臺北市"
      },
      "geometry": {
        "type": "Point",
        "coordinates": [
          121.502916,
          25.030066
        ]
      }
    },
    {
      "type": "Feature",
      "properties": {
        "name": "鳳凰閣旅社",
        "address": "臺北市北投區溫泉路106之1號",
        "phone": "02-28912827",
        "button_price": 6000,
        "higher_price": 12000,
        "room": 25,
        "area": "臺北市"
      },
      "geometry": {
        "type": "Point",
        "coordinates": [
          121.510407,
          25.136088
        ]
      }
    },
    {
      "type": "Feature",
      "properties": {
        "name": "萬事達旅店(中華店)",
        "address": "臺北市萬華區中華路一段82號1之9樓",
        "phone": "02-23820889",
        "button_price": 4800,
        "higher_price": 10800,
        "room": 56,
        "area": "臺北市"
      },
      "geometry": {
        "type": "Point",
        "coordinates": [
          121.5087,
          25.045316
        ]
      }
    },
    {
      "type": "Feature",
      "properties": {
        "name": "皇家季節酒店1館",
        "address": "臺北市大同區南京西路326號1樓2樓3樓4樓5樓及8樓9樓",
        "phone": "02-25554288、 0982-995803",
        "button_price": 3300,
        "higher_price": 4300,
        "room": 48,
        "area": "臺北市"
      },
      "geometry": {
        "type": "Point",
        "coordinates": [
          121.512788,
          25.053856
        ]
      }
    },
    {
      "type": "Feature",
      "properties": {
        "name": "丹迪旅店-天母店",
        "address": "臺北市士林區中山北路六段728巷2號1之7樓",
        "phone": "02-28732222",
        "button_price": 8000,
        "higher_price": 10000,
        "room": 54,
        "area": "臺北市"
      },
      "geometry": {
        "type": "Point",
        "coordinates": [
          121.528096,
          25.114853
        ]
      }
    },
    {
      "type": "Feature",
      "properties": {
        "name": "馥麗精品旅館",
        "address": "臺北市內湖區內湖路一段325號1之5樓",
        "phone": "02-26586167",
        "button_price": 2180,
        "higher_price": 5700,
        "room": 28,
        "area": "臺北市"
      },
      "geometry": {
        "type": "Point",
        "coordinates": [
          121.56807,
          25.082288
        ]
      }
    },
    {
      "type": "Feature",
      "properties": {
        "name": "天閣酒店台北信義",
        "address": "臺北市信義區忠孝東路五段297號1之6樓",
        "phone": "02-25288000",
        "button_price": 15000,
        "higher_price": 15000,
        "room": 105,
        "area": "臺北市"
      },
      "geometry": {
        "type": "Point",
        "coordinates": [
          121.572849,
          25.041146
        ]
      }
    },
    {
      "type": "Feature",
      "properties": {
        "name": "伊倫商務旅館",
        "address": "臺北市中山區松江路123巷10號1之4樓",
        "phone": "02-25076666",
        "button_price": 6000,
        "higher_price": 8000,
        "room": 31,
        "area": "臺北市"
      },
      "geometry": {
        "type": "Point",
        "coordinates": [
          121.534148,
          25.052841
        ]
      }
    },
    {
      "type": "Feature",
      "properties": {
        "name": "茹曦酒店",
        "address": "臺北市松山區敦化北路100號",
        "phone": "02-27198399",
        "button_price": 20790,
        "higher_price": 41580,
        "room": 312,
        "area": "臺北市"
      },
      "geometry": {
        "type": "Point",
        "coordinates": [
          121.548529,
          25.052764
        ]
      }
    },
    {
      "type": "Feature",
      "properties": {
        "name": "太豪大飯店",
        "address": "臺北市松山區興安街137號1之6樓",
        "phone": "02-27195152",
        "button_price": 8000,
        "higher_price": 10000,
        "room": 38,
        "area": "臺北市"
      },
      "geometry": {
        "type": "Point",
        "coordinates": [
          121.544704,
          25.056206
        ]
      }
    },
    {
      "type": "Feature",
      "properties": {
        "name": "香城大飯店豪悅分店",
        "address": "臺北市中山區松江路93巷9號1至8樓及9號2345樓之1至之76樓之1至之37樓之18樓之1及97巷18號",
        "phone": "02-25177272",
        "button_price": 6400,
        "higher_price": 8000,
        "room": 32,
        "area": "臺北市"
      },
      "geometry": {
        "type": "Point",
        "coordinates": [
          121.534428,
          25.050737
        ]
      }
    },
    {
      "type": "Feature",
      "properties": {
        "name": "溫拿旅館",
        "address": "臺北市北投區承德路七段380號1之5樓",
        "phone": "02-28213191",
        "button_price": 1980,
        "higher_price": 2500,
        "room": 28,
        "area": "臺北市"
      },
      "geometry": {
        "type": "Point",
        "coordinates": [
          121.502609,
          25.118918
        ]
      }
    },
    {
      "type": "Feature",
      "properties": {
        "name": "金來商旅",
        "address": "臺北市中正區金山南路一段71號B1之7樓71之1號2之7樓",
        "phone": "02-23979399",
        "button_price": 15000,
        "higher_price": 19000,
        "room": 48,
        "area": "臺北市"
      },
      "geometry": {
        "type": "Point",
        "coordinates": [
          121.528206,
          25.037307
        ]
      }
    },
    {
      "type": "Feature",
      "properties": {
        "name": "維多麗亞酒店",
        "address": "臺北市中山區敬業四路168號",
        "phone": "02-85020007、 0983-033100",
        "button_price": 11550,
        "higher_price": 23100,
        "room": 96,
        "area": "臺北市"
      },
      "geometry": {
        "type": "Point",
        "coordinates": [
          121.558745,
          25.084285
        ]
      }
    },
    {
      "type": "Feature",
      "properties": {
        "name": "友徠精品旅館",
        "address": "臺北市南港區重陽路57巷15號",
        "phone": "02-26510101",
        "button_price": 2280,
        "higher_price": 8200,
        "room": 26,
        "area": "臺北市"
      },
      "geometry": {
        "type": "Point",
        "coordinates": [
          121.596467,
          25.056228
        ]
      }
    },
    {
      "type": "Feature",
      "properties": {
        "name": "寶格利時尚旅館",
        "address": "臺北市萬華區中華路一段168號1之15樓",
        "phone": "02-23821314",
        "button_price": 10800,
        "higher_price": 11800,
        "room": 46,
        "area": "臺北市"
      },
      "geometry": {
        "type": "Point",
        "coordinates": [
          121.507589,
          25.041208
        ]
      }
    },
    {
      "type": "Feature",
      "properties": {
        "name": "多郎明哥旅館",
        "address": "臺北市大安區信義路三段73號",
        "phone": "02-27001200",
        "button_price": 2580,
        "higher_price": 12000,
        "room": 30,
        "area": "臺北市"
      },
      "geometry": {
        "type": "Point",
        "coordinates": [
          121.536947,
          25.033721
        ]
      }
    },
    {
      "type": "Feature",
      "properties": {
        "name": "大地酒店",
        "address": "臺北市北投區奇岩路1號",
        "phone": "02-55518888",
        "button_price": 13800,
        "higher_price": 60000,
        "room": 48,
        "area": "臺北市"
      },
      "geometry": {
        "type": "Point",
        "coordinates": [
          121.507278,
          25.134627
        ]
      }
    },
    {
      "type": "Feature",
      "properties": {
        "name": "華弘怡亨酒店",
        "address": "臺北市大安區敦化南路一段370號",
        "phone": "02-27848888",
        "button_price": 12000,
        "higher_price": 38000,
        "room": 68,
        "area": "臺北市"
      },
      "geometry": {
        "type": "Point",
        "coordinates": [
          121.548445,
          25.033677
        ]
      }
    },
    {
      "type": "Feature",
      "properties": {
        "name": "台北青年國際旅館",
        "address": "臺北市中正區許昌街19號1樓及4之10樓",
        "phone": "02-23113201",
        "button_price": 2200,
        "higher_price": 7200,
        "room": 99,
        "area": "臺北市"
      },
      "geometry": {
        "type": "Point",
        "coordinates": [
          121.51654,
          25.045652
        ]
      }
    },
    {
      "type": "Feature",
      "properties": {
        "name": "三二行館",
        "address": "臺北市北投區中山路32號",
        "phone": "02-66117888",
        "button_price": 29800,
        "higher_price": 29800,
        "room": 5,
        "area": "臺北市"
      },
      "geometry": {
        "type": "Point",
        "coordinates": [
          121.510726,
          25.137805
        ]
      }
    },
    {
      "type": "Feature",
      "properties": {
        "name": "神旺商務酒店",
        "address": "臺北市中山區南京東路一段128號2至13樓",
        "phone": "02-25115185",
        "button_price": 13600,
        "higher_price": 13600,
        "room": 81,
        "area": "臺北市"
      },
      "geometry": {
        "type": "Point",
        "coordinates": [
          121.527038,
          25.051894
        ]
      }
    },
    {
      "type": "Feature",
      "properties": {
        "name": "宏都金殿大飯店",
        "address": "臺北市大安區安和路二段100號2之9樓",
        "phone": "02-27556599",
        "button_price": 5000,
        "higher_price": 16000,
        "room": 32,
        "area": "臺北市"
      },
      "geometry": {
        "type": "Point",
        "coordinates": [
          121.549744,
          25.028334
        ]
      }
    },
    {
      "type": "Feature",
      "properties": {
        "name": "富逸旅趣-北車開封館",
        "address": "臺北市中正區開封街一段41號2之9樓",
        "phone": "02-23881788",
        "button_price": 3800,
        "higher_price": 25000,
        "room": 42,
        "area": "臺北市"
      },
      "geometry": {
        "type": "Point",
        "coordinates": [
          121.512527,
          25.046061
        ]
      }
    },
    {
      "type": "Feature",
      "properties": {
        "name": "采舍精品旅館",
        "address": "臺北市中山區農安街34號3樓及7樓",
        "phone": "02-25963969",
        "button_price": 4800,
        "higher_price": 6800,
        "room": 35,
        "area": "臺北市"
      },
      "geometry": {
        "type": "Point",
        "coordinates": [
          121.526816,
          25.064813
        ]
      }
    },
    {
      "type": "Feature",
      "properties": {
        "name": "東鑫商務旅館",
        "address": "臺北市大安區忠孝東路四段209號11樓11樓之1之2211號11樓11樓之1",
        "phone": "02-87736638",
        "button_price": 1780,
        "higher_price": 9800,
        "room": 25,
        "area": "臺北市"
      },
      "geometry": {
        "type": "Point",
        "coordinates": [
          121.552017,
          25.041671
        ]
      }
    },
    {
      "type": "Feature",
      "properties": {
        "name": "小王子甜蜜旅店",
        "address": "臺北市萬華區漢中街42號9樓",
        "phone": "02-23820225",
        "button_price": 10000,
        "higher_price": 20000,
        "room": 9,
        "area": "臺北市"
      },
      "geometry": {
        "type": "Point",
        "coordinates": [
          121.507346,
          25.044225
        ]
      }
    },
    {
      "type": "Feature",
      "properties": {
        "name": "柔美商旅",
        "address": "臺北市中山區建國北路二段64巷9號",
        "phone": "02-25031133",
        "button_price": 22000,
        "higher_price": 28000,
        "room": 47,
        "area": "臺北市"
      },
      "geometry": {
        "type": "Point",
        "coordinates": [
          121.535838,
          25.054404
        ]
      }
    },
    {
      "type": "Feature",
      "properties": {
        "name": "皇家季節酒店2館",
        "address": "臺北市大同區南京西路330號1至11樓",
        "phone": "02-25556488、 0982-995803",
        "button_price": 3500,
        "higher_price": 9000,
        "room": 46,
        "area": "臺北市"
      },
      "geometry": {
        "type": "Point",
        "coordinates": [
          121.51257,
          25.05384
        ]
      }
    },
    {
      "type": "Feature",
      "properties": {
        "name": "新舍商旅-林森館",
        "address": "臺北市中山區林森北路477號",
        "phone": "02-77431000",
        "button_price": 9900,
        "higher_price": 16500,
        "room": 79,
        "area": "臺北市"
      },
      "geometry": {
        "type": "Point",
        "coordinates": [
          121.525769,
          25.06096
        ]
      }
    },
    {
      "type": "Feature",
      "properties": {
        "name": "宜津美侖大飯店",
        "address": "臺北市大安區復興南路一段315號317號317號2樓",
        "phone": "02-55793888",
        "button_price": 14000,
        "higher_price": 56000,
        "room": 143,
        "area": "臺北市"
      },
      "geometry": {
        "type": "Point",
        "coordinates": [
          121.543895,
          25.034331
        ]
      }
    },
    {
      "type": "Feature",
      "properties": {
        "name": "璽愛旅店",
        "address": "臺北市中正區忠孝西路一段72號3樓3樓之1",
        "phone": "02-23880808",
        "button_price": 10000,
        "higher_price": 30000,
        "room": 39,
        "area": "臺北市"
      },
      "geometry": {
        "type": "Point",
        "coordinates": [
          121.514062,
          25.046827
        ]
      }
    },
    {
      "type": "Feature",
      "properties": {
        "name": "薇閣精品旅館",
        "address": "臺北市中山區敬業三路11號",
        "phone": "02-85026000",
        "button_price": 4700,
        "higher_price": 16800,
        "room": 96,
        "area": "臺北市"
      },
      "geometry": {
        "type": "Point",
        "coordinates": [
          121.55591,
          25.083572
        ]
      }
    },
    {
      "type": "Feature",
      "properties": {
        "name": "正二旅館",
        "address": "臺北市中正區漢口街一段2號3之9樓",
        "phone": "02-23708008",
        "button_price": 2000,
        "higher_price": 20000,
        "room": 55,
        "area": "臺北市"
      },
      "geometry": {
        "type": "Point",
        "coordinates": [
          121.514827,
          25.045082
        ]
      }
    },
    {
      "type": "Feature",
      "properties": {
        "name": "同一大飯店",
        "address": "臺北市中山區農安街36號3之10樓　",
        "phone": "02-25923977",
        "button_price": 9800,
        "higher_price": 11800,
        "room": 95,
        "area": "臺北市"
      },
      "geometry": {
        "type": "Point",
        "coordinates": [
          121.527017,
          25.064813
        ]
      }
    },
    {
      "type": "Feature",
      "properties": {
        "name": "旅居文旅-西門驛站",
        "address": "臺北市萬華區台北市萬華區西寧南路67號5之9樓",
        "phone": "02-23880050",
        "button_price": 8000,
        "higher_price": 18000,
        "room": 38,
        "area": "臺北市"
      },
      "geometry": {
        "type": "Point",
        "coordinates": [
          121.507025,
          25.046202
        ]
      }
    },
    {
      "type": "Feature",
      "properties": {
        "name": "沐蘭精品旅館",
        "address": "臺北市中山區堤頂大道二段460號",
        "phone": "02-85023397",
        "button_price": 14500,
        "higher_price": 14500,
        "room": 46,
        "area": "臺北市"
      },
      "geometry": {
        "type": "Point",
        "coordinates": [
          121.562017,
          25.081004
        ]
      }
    },
    {
      "type": "Feature",
      "properties": {
        "name": "捷絲旅西門町店",
        "address": "臺北市中正區中華路一段41號5之9樓",
        "phone": "02-23709000",
        "button_price": 3200,
        "higher_price": 10120,
        "room": 143,
        "area": "臺北市"
      },
      "geometry": {
        "type": "Point",
        "coordinates": [
          121.509477,
          25.044865
        ]
      }
    },
    {
      "type": "Feature",
      "properties": {
        "name": "探索汽車旅館南港館",
        "address": "臺北市南港區重陽路66號1至4樓",
        "phone": "02-26537727",
        "button_price": 3980,
        "higher_price": 19980,
        "room": 61,
        "area": "臺北市"
      },
      "geometry": {
        "type": "Point",
        "coordinates": [
          121.597354,
          25.055671
        ]
      }
    },
    {
      "type": "Feature",
      "properties": {
        "name": "家美瑞品 台北",
        "address": "臺北市中正區北平東路12號2至9樓",
        "phone": "02-23581234",
        "button_price": 7500,
        "higher_price": 24000,
        "room": 68,
        "area": "臺北市"
      },
      "geometry": {
        "type": "Point",
        "coordinates": [
          121.524472,
          25.04604
        ]
      }
    },
    {
      "type": "Feature",
      "properties": {
        "name": "台北桃禧大飯店",
        "address": "臺北市大同區重慶北路一段73號1樓至7樓",
        "phone": "02-25505799",
        "button_price": 8800,
        "higher_price": 12000,
        "room": 152,
        "area": "臺北市"
      },
      "geometry": {
        "type": "Point",
        "coordinates": [
          121.514216,
          25.052242
        ]
      }
    },
    {
      "type": "Feature",
      "properties": {
        "name": "豪爵旅館",
        "address": "臺北市中山區吉林路379巷20號1至7樓及20之1號2樓至7樓德惠街170巷24號1樓",
        "phone": "02-25942977",
        "button_price": 1780,
        "higher_price": 6200,
        "room": 53,
        "area": "臺北市"
      },
      "geometry": {
        "type": "Point",
        "coordinates": [
          121.531527,
          25.065187
        ]
      }
    },
    {
      "type": "Feature",
      "properties": {
        "name": "福泰桔子商務旅館（林森店）",
        "address": "臺北市中山區林森北路139號1樓至8樓及地下室",
        "phone": "02-25632688",
        "button_price": 5280,
        "higher_price": 7480,
        "room": 84,
        "area": "臺北市"
      },
      "geometry": {
        "type": "Point",
        "coordinates": [
          121.525279,
          25.051276
        ]
      }
    },
    {
      "type": "Feature",
      "properties": {
        "name": "安庭台北商務旅館",
        "address": "臺北市大安區忠孝東路四段197號12樓12樓之112樓之412樓之512樓之9",
        "phone": "02-27780920",
        "button_price": 1000,
        "higher_price": 8800,
        "room": 41,
        "area": "臺北市"
      },
      "geometry": {
        "type": "Point",
        "coordinates": [
          121.551621,
          25.041678
        ]
      }
    },
    {
      "type": "Feature",
      "properties": {
        "name": "愛活商旅",
        "address": "臺北市萬華區西寧南路36號10樓之3",
        "phone": "02-23615205",
        "button_price": 11000,
        "higher_price": 20000,
        "room": 22,
        "area": "臺北市"
      },
      "geometry": {
        "type": "Point",
        "coordinates": [
          121.50664,
          25.045591
        ]
      }
    },
    {
      "type": "Feature",
      "properties": {
        "name": "雀客藏居台北南港",
        "address": "臺北市南港區重陽路59號",
        "phone": "02-26512251",
        "button_price": 22880,
        "higher_price": 36080,
        "room": 105,
        "area": "臺北市"
      },
      "geometry": {
        "type": "Point",
        "coordinates": [
          121.596802,
          25.05584
        ]
      }
    },
    {
      "type": "Feature",
      "properties": {
        "name": "金都精緻溫泉飯店",
        "address": "臺北市北投區光明路240號1之6樓",
        "phone": "02-28911228",
        "button_price": 10500,
        "higher_price": 12800,
        "room": 31,
        "area": "臺北市"
      },
      "geometry": {
        "type": "Point",
        "coordinates": [
          121.507766,
          25.136292
        ]
      }
    },
    {
      "type": "Feature",
      "properties": {
        "name": "新驛旅店台北車站三館",
        "address": "臺北市大同區長安西路7779號1之7樓",
        "phone": "02-77327777",
        "button_price": 9500,
        "higher_price": 12500,
        "room": 66,
        "area": "臺北市"
      },
      "geometry": {
        "type": "Point",
        "coordinates": [
          121.507592,
          25.052399
        ]
      }
    },
    {
      "type": "Feature",
      "properties": {
        "name": "新驛旅店西門捷運店",
        "address": "臺北市中正區衡陽路124號12467樓寶慶路63號",
        "phone": "02-77252288",
        "button_price": 2200,
        "higher_price": 13000,
        "room": 44,
        "area": "臺北市"
      },
      "geometry": {
        "type": "Point",
        "coordinates": [
          121.509428,
          25.04209
        ]
      }
    },
    {
      "type": "Feature",
      "properties": {
        "name": "立德北投溫泉飯店",
        "address": "臺北市北投區幽雅路11號B1之3樓",
        "phone": "02-28973611",
        "button_price": 8500,
        "higher_price": 14500,
        "room": 25,
        "area": "臺北市"
      },
      "geometry": {
        "type": "Point",
        "coordinates": [
          121.51352,
          25.136953
        ]
      }
    },
    {
      "type": "Feature",
      "properties": {
        "name": "雀客旅館台北信義",
        "address": "臺北市信義區信義路四段468號3之13樓",
        "phone": "02-23459777、 0908-715217",
        "button_price": 22800,
        "higher_price": 33800,
        "room": 88,
        "area": "臺北市"
      },
      "geometry": {
        "type": "Point",
        "coordinates": [
          121.559104,
          25.032848
        ]
      }
    },
    {
      "type": "Feature",
      "properties": {
        "name": "台北馥華商旅南港館",
        "address": "臺北市南港區三重路23號1之4樓",
        "phone": "02-27852655",
        "button_price": 13000,
        "higher_price": 13000,
        "room": 66,
        "area": "臺北市"
      },
      "geometry": {
        "type": "Point",
        "coordinates": [
          121.61408,
          25.059284
        ]
      }
    },
    {
      "type": "Feature",
      "properties": {
        "name": "東門大旅社",
        "address": "臺北市中正區臨沂街78號2之4樓",
        "phone": "02-23560210",
        "button_price": 650,
        "higher_price": 2200,
        "room": 26,
        "area": "臺北市"
      },
      "geometry": {
        "type": "Point",
        "coordinates": [
          121.52779,
          25.034459
        ]
      }
    },
    {
      "type": "Feature",
      "properties": {
        "name": "天閣酒店(台北南西)",
        "address": "臺北市中山區南京西路3號1至9樓",
        "phone": "02-25679999",
        "button_price": 11800,
        "higher_price": 11800,
        "room": 52,
        "area": "臺北市"
      },
      "geometry": {
        "type": "Point",
        "coordinates": [
          121.521562,
          25.052579
        ]
      }
    },
    {
      "type": "Feature",
      "properties": {
        "name": "城市商旅南東館",
        "address": "臺北市松山區南京東路五段411號地下三樓至7樓",
        "phone": "02-27425888",
        "button_price": 3000,
        "higher_price": 20000,
        "room": 127,
        "area": "臺北市"
      },
      "geometry": {
        "type": "Point",
        "coordinates": [
          121.570044,
          25.051492
        ]
      }
    },
    {
      "type": "Feature",
      "properties": {
        "name": "雀客旅館台北內湖",
        "address": "臺北市內湖區民權東路六段123巷34弄1號1之12樓",
        "phone": "02-87925319",
        "button_price": 18480,
        "higher_price": 39600,
        "room": 87,
        "area": "臺北市"
      },
      "geometry": {
        "type": "Point",
        "coordinates": [
          121.592855,
          25.070484
        ]
      }
    },
    {
      "type": "Feature",
      "properties": {
        "name": "洛碁大飯店林森館",
        "address": "臺北市中山區林森北路617號1至10樓",
        "phone": "02-25955225",
        "button_price": 3000,
        "higher_price": 17000,
        "room": 80,
        "area": "臺北市"
      },
      "geometry": {
        "type": "Point",
        "coordinates": [
          121.52585,
          25.066821
        ]
      }
    },
    {
      "type": "Feature",
      "properties": {
        "name": "探索汽車旅館延平館",
        "address": "臺北市士林區延平北路五段23號2至5樓及23之1號2至5樓",
        "phone": "02-88112588",
        "button_price": 3380,
        "higher_price": 12880,
        "room": 40,
        "area": "臺北市"
      },
      "geometry": {
        "type": "Point",
        "coordinates": [
          121.510864,
          25.079598
        ]
      }
    },
    {
      "type": "Feature",
      "properties": {
        "name": "意寬精品旅館 HOME HOTEL",
        "address": "臺北市信義區松仁路90號3至12樓",
        "phone": "02-87890111",
        "button_price": 5900,
        "higher_price": 50000,
        "room": 113,
        "area": "臺北市"
      },
      "geometry": {
        "type": "Point",
        "coordinates": [
          121.568025,
          25.035063
        ]
      }
    },
    {
      "type": "Feature",
      "properties": {
        "name": "柯達大飯店敦南店",
        "address": "臺北市大安區敦化南路二段238號B1之14樓",
        "phone": "02-27323333",
        "button_price": 15000,
        "higher_price": 22000,
        "room": 77,
        "area": "臺北市"
      },
      "geometry": {
        "type": "Point",
        "coordinates": [
          121.548292,
          25.02094
        ]
      }
    },
    {
      "type": "Feature",
      "properties": {
        "name": "二十輪旅店",
        "address": "臺北市萬華區武昌街二段72號5樓6樓10樓",
        "phone": "02-23810500",
        "button_price": 4900,
        "higher_price": 5400,
        "room": 48,
        "area": "臺北市"
      },
      "geometry": {
        "type": "Point",
        "coordinates": [
          121.5062,
          25.044813
        ]
      }
    },
    {
      "type": "Feature",
      "properties": {
        "name": "富驛時尚酒店　",
        "address": "臺北市中山區南京東路三段131號10之13樓",
        "phone": "02-55720777",
        "button_price": 6600,
        "higher_price": 16800,
        "room": 180,
        "area": "臺北市"
      },
      "geometry": {
        "type": "Point",
        "coordinates": [
          121.540662,
          25.052128
        ]
      }
    },
    {
      "type": "Feature",
      "properties": {
        "name": "台北西門町意舍酒店",
        "address": "臺北市萬華區武昌街二段77號5之10樓",
        "phone": "02-23755111",
        "button_price": 3927,
        "higher_price": 18249,
        "room": 162,
        "area": "臺北市"
      },
      "geometry": {
        "type": "Point",
        "coordinates": [
          121.505709,
          25.045076
        ]
      }
    },
    {
      "type": "Feature",
      "properties": {
        "name": "西門航棧旅館",
        "address": "臺北市萬華區中華路一段144號7之8樓7樓之18樓之1",
        "phone": "02-23880777",
        "button_price": 2280,
        "higher_price": 22880,
        "room": 38,
        "area": "臺北市"
      },
      "geometry": {
        "type": "Point",
        "coordinates": [
          121.508152,
          25.043149
        ]
      }
    },
    {
      "type": "Feature",
      "properties": {
        "name": "香樹花園酒店",
        "address": "臺北市中山區堤頂大道二段566號1樓2樓4樓",
        "phone": "02-85023955",
        "button_price": 18000,
        "higher_price": 67500,
        "room": 84,
        "area": "臺北市"
      },
      "geometry": {
        "type": "Point",
        "coordinates": [
          121.560413,
          25.084071
        ]
      }
    },
    {
      "type": "Feature",
      "properties": {
        "name": "薆悅酒店",
        "address": "臺北市萬華區西寧南路107號1至10樓",
        "phone": "02-23753388",
        "button_price": 8000,
        "higher_price": 12000,
        "room": 53,
        "area": "臺北市"
      },
      "geometry": {
        "type": "Point",
        "coordinates": [
          121.506711,
          25.045099
        ]
      }
    },
    {
      "type": "Feature",
      "properties": {
        "name": "洛碁大飯店舞衣南京館",
        "address": "臺北市中山區南京東路二段163號1之8樓",
        "phone": "02-25035511",
        "button_price": 3000,
        "higher_price": 18000,
        "room": 40,
        "area": "臺北市"
      },
      "geometry": {
        "type": "Point",
        "coordinates": [
          121.535878,
          25.05223
        ]
      }
    },
    {
      "type": "Feature",
      "properties": {
        "name": "鵲絲旅店豪麗旺館",
        "address": "臺北市信義區基隆路二段15之2號",
        "phone": "02-23453511",
        "button_price": 15000,
        "higher_price": 31680,
        "room": 20,
        "area": "臺北市"
      },
      "geometry": {
        "type": "Point",
        "coordinates": [
          121.559466,
          25.032095
        ]
      }
    },
    {
      "type": "Feature",
      "properties": {
        "name": "大倉久和大飯店",
        "address": "臺北市中山區南京東路一段9號",
        "phone": "02-25231111",
        "button_price": 50000,
        "higher_price": 160000,
        "room": 208,
        "area": "臺北市"
      },
      "geometry": {
        "type": "Point",
        "coordinates": [
          121.523348,
          25.05253
        ]
      }
    },
    {
      "type": "Feature",
      "properties": {
        "name": "西門星辰精典大飯店",
        "address": "臺北市萬華區峨眉街72號1至8樓",
        "phone": "02-23831123",
        "button_price": 3380,
        "higher_price": 5380,
        "room": 25,
        "area": "臺北市"
      },
      "geometry": {
        "type": "Point",
        "coordinates": [
          121.504385,
          25.044045
        ]
      }
    },
    {
      "type": "Feature",
      "properties": {
        "name": "西門星辰大飯店",
        "address": "臺北市萬華區峨眉街94號2至9樓",
        "phone": "02-23898898",
        "button_price": 4880,
        "higher_price": 9380,
        "room": 65,
        "area": "臺北市"
      },
      "geometry": {
        "type": "Point",
        "coordinates": [
          121.503638,
          25.044212
        ]
      }
    },
    {
      "type": "Feature",
      "properties": {
        "name": "六福居",
        "address": "臺北市中山區南京東路一段38號",
        "phone": "02-77010165",
        "button_price": 12000,
        "higher_price": 17000,
        "room": 49,
        "area": "臺北市"
      },
      "geometry": {
        "type": "Point",
        "coordinates": [
          121.524158,
          25.051977
        ]
      }
    },
    {
      "type": "Feature",
      "properties": {
        "name": "橙舍背包客國際青年旅館",
        "address": "臺北市萬華區漢口街二段41號1之3樓",
        "phone": "02-23119559",
        "button_price": 3600,
        "higher_price": 9000,
        "room": 5,
        "area": "臺北市"
      },
      "geometry": {
        "type": "Point",
        "coordinates": [
          121.507237,
          25.04566
        ]
      }
    },
    {
      "type": "Feature",
      "properties": {
        "name": " Happ& Tomorrow 本來",
        "address": "臺北市中山區華陰街28號1之3樓",
        "phone": "02-77552005",
        "button_price": 800,
        "higher_price": 8000,
        "room": 12,
        "area": "臺北市"
      },
      "geometry": {
        "type": "Point",
        "coordinates": [
          121.519673,
          25.049182
        ]
      }
    },
    {
      "type": "Feature",
      "properties": {
        "name": "洛碁大飯店建北館",
        "address": "臺北市中山區建國北路一段138巷1號140號140號2至11樓142號144號",
        "phone": "02-25095151",
        "button_price": 3000,
        "higher_price": 28000,
        "room": 59,
        "area": "臺北市"
      },
      "geometry": {
        "type": "Point",
        "coordinates": [
          121.536302,
          25.051045
        ]
      }
    },
    {
      "type": "Feature",
      "properties": {
        "name": "尚印旅店",
        "address": "臺北市中山區中山北路二段71號8樓",
        "phone": "02-25682270",
        "button_price": 8800,
        "higher_price": 11800,
        "room": 23,
        "area": "臺北市"
      },
      "geometry": {
        "type": "Point",
        "coordinates": [
          121.523053,
          25.057286
        ]
      }
    },
    {
      "type": "Feature",
      "properties": {
        "name": "俞美飯店",
        "address": "臺北市萬華區武昌街二段106號2之8樓",
        "phone": "02-23883008",
        "button_price": 1500,
        "higher_price": 12000,
        "room": 42,
        "area": "臺北市"
      },
      "geometry": {
        "type": "Point",
        "coordinates": [
          121.505101,
          25.045065
        ]
      }
    },
    {
      "type": "Feature",
      "properties": {
        "name": "長弘時尚旅店",
        "address": "臺北市中山區長春路56號3至5樓　",
        "phone": "02-25420101",
        "button_price": 7000,
        "higher_price": 10000,
        "room": 24,
        "area": "臺北市"
      },
      "geometry": {
        "type": "Point",
        "coordinates": [
          121.526002,
          25.054824
        ]
      }
    },
    {
      "type": "Feature",
      "properties": {
        "name": "西門邑居自由旅行會館",
        "address": "臺北市萬華區西寧南路67號10樓",
        "phone": "02-23616167",
        "button_price": 2300,
        "higher_price": 3800,
        "room": 8,
        "area": "臺北市"
      },
      "geometry": {
        "type": "Point",
        "coordinates": [
          121.507025,
          25.046202
        ]
      }
    },
    {
      "type": "Feature",
      "properties": {
        "name": "新麗旅店",
        "address": "臺北市萬華區開封街二段53號3之57之9樓",
        "phone": "02-23817899",
        "button_price": 5200,
        "higher_price": 6800,
        "room": 22,
        "area": "臺北市"
      },
      "geometry": {
        "type": "Point",
        "coordinates": [
          121.505487,
          25.047008
        ]
      }
    },
    {
      "type": "Feature",
      "properties": {
        "name": "東棧商務旅店",
        "address": "臺北市大安區忠孝東路四段209號8樓8樓之1之2211號8樓8樓之1",
        "phone": "02-27117721",
        "button_price": 10000,
        "higher_price": 20000,
        "room": 23,
        "area": "臺北市"
      },
      "geometry": {
        "type": "Point",
        "coordinates": [
          121.552017,
          25.041671
        ]
      }
    },
    {
      "type": "Feature",
      "properties": {
        "name": "世方旅居文旅",
        "address": "臺北市中山區松江路485號1至5樓5樓之1之36之7樓7樓之1之5",
        "phone": "02-25025000",
        "button_price": 3000,
        "higher_price": 18000,
        "room": 121,
        "area": "臺北市"
      },
      "geometry": {
        "type": "Point",
        "coordinates": [
          121.533544,
          25.067198
        ]
      }
    },
    {
      "type": "Feature",
      "properties": {
        "name": "北投天玥泉溫泉會館",
        "address": "臺北市北投區中山路3號3樓",
        "phone": "02-28988661",
        "button_price": 12800,
        "higher_price": 12800,
        "room": 21,
        "area": "臺北市"
      },
      "geometry": {
        "type": "Point",
        "coordinates": [
          121.505176,
          25.137029
        ]
      }
    },
    {
      "type": "Feature",
      "properties": {
        "name": "WESTGATE HOTEL 永安棧",
        "address": "臺北市萬華區中華路一段148號1樓148之1號1樓及150號1至10樓",
        "phone": "02-23313161",
        "button_price": 4000,
        "higher_price": 50000,
        "room": 121,
        "area": "臺北市"
      },
      "geometry": {
        "type": "Point",
        "coordinates": [
          121.50809,
          25.042936
        ]
      }
    },
    {
      "type": "Feature",
      "properties": {
        "name": "儷夏商旅",
        "address": "臺北市萬華區中華路一段90號4樓5樓6樓8樓",
        "phone": "02-23116168",
        "button_price": 15000,
        "higher_price": 20000,
        "room": 85,
        "area": "臺北市"
      },
      "geometry": {
        "type": "Point",
        "coordinates": [
          121.508598,
          25.044699
        ]
      }
    },
    {
      "type": "Feature",
      "properties": {
        "name": "台糖台北會館",
        "address": "臺北市中正區中華路一段39號",
        "phone": "02-23885522",
        "button_price": 5000,
        "higher_price": 7200,
        "room": 68,
        "area": "臺北市"
      },
      "geometry": {
        "type": "Point",
        "coordinates": [
          121.50967,
          25.045337
        ]
      }
    },
    {
      "type": "Feature",
      "properties": {
        "name": "台北馥華商旅敦北館",
        "address": "臺北市松山區敦化北路4巷52號1至7樓",
        "phone": "02-66131300",
        "button_price": 10200,
        "higher_price": 12800,
        "room": 73,
        "area": "臺北市"
      },
      "geometry": {
        "type": "Point",
        "coordinates": [
          121.545041,
          25.05028
        ]
      }
    },
    {
      "type": "Feature",
      "properties": {
        "name": "福泰桔子商務旅館西門店",
        "address": "臺北市萬華區中華路一段166之2號1至11樓",
        "phone": "02-23115556",
        "button_price": 5800,
        "higher_price": 6800,
        "room": 60,
        "area": "臺北市"
      },
      "geometry": {
        "type": "Point",
        "coordinates": [
          121.507619,
          25.041284
        ]
      }
    },
    {
      "type": "Feature",
      "properties": {
        "name": "富裕自由商旅",
        "address": "臺北市大安區忠孝東路四段235號2樓2樓之13樓3樓之14樓之15樓之16樓之17樓7樓之1及9樓",
        "phone": "02-27413147",
        "button_price": 10000,
        "higher_price": 25000,
        "room": 67,
        "area": "臺北市"
      },
      "geometry": {
        "type": "Point",
        "coordinates": [
          121.553777,
          25.04162
        ]
      }
    },
    {
      "type": "Feature",
      "properties": {
        "name": "天閣酒店(台北長安) ",
        "address": "臺北市中山區林森北路80號1至14樓",
        "phone": "02-25317777",
        "button_price": 8200,
        "higher_price": 20000,
        "room": 80,
        "area": "臺北市"
      },
      "geometry": {
        "type": "Point",
        "coordinates": [
          121.524604,
          25.049761
        ]
      }
    },
    {
      "type": "Feature",
      "properties": {
        "name": "東驛商務旅館",
        "address": "臺北市萬華區昆明街76號8之9樓",
        "phone": "02-23831999",
        "button_price": 8000,
        "higher_price": 12000,
        "room": 34,
        "area": "臺北市"
      },
      "geometry": {
        "type": "Point",
        "coordinates": [
          121.505532,
          25.045766
        ]
      }
    },
    {
      "type": "Feature",
      "properties": {
        "name": "西悠巢旅台北館",
        "address": "臺北市大同區民生西路198號之2",
        "phone": "02-25585500",
        "button_price": 3400,
        "higher_price": 5280,
        "room": 87,
        "area": "臺北市"
      },
      "geometry": {
        "type": "Point",
        "coordinates": [
          121.516503,
          25.056999
        ]
      }
    },
    {
      "type": "Feature",
      "properties": {
        "name": "柯達大飯店台北松江 ",
        "address": "臺北市中山區松江路251號",
        "phone": "02-25159999",
        "button_price": 2000,
        "higher_price": 22000,
        "room": 85,
        "area": "臺北市"
      },
      "geometry": {
        "type": "Point",
        "coordinates": [
          121.533393,
          25.059376
        ]
      }
    },
    {
      "type": "Feature",
      "properties": {
        "name": "三隻老虎青年旅館",
        "address": "臺北市萬華區康定路25巷39號4樓",
        "phone": "02-23755299",
        "button_price": 1700,
        "higher_price": 5200,
        "room": 7,
        "area": "臺北市"
      },
      "geometry": {
        "type": "Point",
        "coordinates": [
          121.50457,
          25.04365
        ]
      }
    },
    {
      "type": "Feature",
      "properties": {
        "name": "意芙旅店",
        "address": "臺北市大同區延平北路二段197號2樓",
        "phone": "02-25532133",
        "button_price": 5980,
        "higher_price": 9900,
        "room": 20,
        "area": "臺北市"
      },
      "geometry": {
        "type": "Point",
        "coordinates": [
          121.511551,
          25.059328
        ]
      }
    },
    {
      "type": "Feature",
      "properties": {
        "name": "老爺會館台北林森",
        "address": "臺北市中山區林森北路83號4至10樓11樓11樓之111樓之212樓12樓之112樓之2",
        "phone": "02-25676336",
        "button_price": 3000,
        "higher_price": 15000,
        "room": 81,
        "area": "臺北市"
      },
      "geometry": {
        "type": "Point",
        "coordinates": [
          121.524852,
          25.049738
        ]
      }
    },
    {
      "type": "Feature",
      "properties": {
        "name": "大師會館國際酒店",
        "address": "臺北市大同區市民大道一段211號16樓等25室",
        "phone": "02-25597722",
        "button_price": 6000,
        "higher_price": 15500,
        "room": 24,
        "area": "臺北市"
      },
      "geometry": {
        "type": "Point",
        "coordinates": [
          121.518412,
          25.049133
        ]
      }
    },
    {
      "type": "Feature",
      "properties": {
        "name": "和逸．台北民生館",
        "address": "臺北市中山區民生東路二段178號1至12樓",
        "phone": "02-77063399",
        "button_price": 13000,
        "higher_price": 85000,
        "room": 135,
        "area": "臺北市"
      },
      "geometry": {
        "type": "Point",
        "coordinates": [
          121.536212,
          25.057699
        ]
      }
    },
    {
      "type": "Feature",
      "properties": {
        "name": "謙商旅-東門館",
        "address": "臺北市中正區信義路二段163號",
        "phone": "02-23582520",
        "button_price": 7880,
        "higher_price": 20880,
        "room": 85,
        "area": "臺北市"
      },
      "geometry": {
        "type": "Point",
        "coordinates": [
          121.528863,
          25.034065
        ]
      }
    },
    {
      "type": "Feature",
      "properties": {
        "name": "華泰瑞舍",
        "address": "臺北市中山區林森北路357及359號2樓之1之2之3之5之6至7樓之1之2之3之5之62樓之7之8之9至5樓之7之8之9",
        "phone": "02-25310699",
        "button_price": 21000,
        "higher_price": 28000,
        "room": 48,
        "area": "臺北市"
      },
      "geometry": {
        "type": "Point",
        "coordinates": [
          121.525682,
          25.057257
        ]
      }
    },
    {
      "type": "Feature",
      "properties": {
        "name": "尚印旅店-二?",
        "address": "臺北市中山區中山北路二段71號10樓",
        "phone": "02-25682810",
        "button_price": 8800,
        "higher_price": 11800,
        "room": 20,
        "area": "臺北市"
      },
      "geometry": {
        "type": "Point",
        "coordinates": [
          121.523053,
          25.057286
        ]
      }
    },
    {
      "type": "Feature",
      "properties": {
        "name": "品格子旅店",
        "address": "臺北市中正區公園路13號10樓",
        "phone": "02-23114511",
        "button_price": 6000,
        "higher_price": 6000,
        "room": 34,
        "area": "臺北市"
      },
      "geometry": {
        "type": "Point",
        "coordinates": [
          121.517403,
          25.04549
        ]
      }
    },
    {
      "type": "Feature",
      "properties": {
        "name": "路境行旅-府前館",
        "address": "臺北市中正區重慶南路一段86號",
        "phone": "02-23899595",
        "button_price": 6880,
        "higher_price": 22880,
        "room": 158,
        "area": "臺北市"
      },
      "geometry": {
        "type": "Point",
        "coordinates": [
          121.513096,
          25.043075
        ]
      }
    },
    {
      "type": "Feature",
      "properties": {
        "name": "和逸 台北忠孝館",
        "address": "臺北市中正區忠孝東路一段31號1至12樓",
        "phone": "02-77253399",
        "button_price": 15000,
        "higher_price": 85000,
        "room": 123,
        "area": "臺北市"
      },
      "geometry": {
        "type": "Point",
        "coordinates": [
          121.525336,
          25.044536
        ]
      }
    },
    {
      "type": "Feature",
      "properties": {
        "name": "皇家玫瑰旅館中山館",
        "address": "臺北市中山區林森北路133巷8號3樓4樓7樓",
        "phone": "02-25317333",
        "button_price": 18000,
        "higher_price": 18000,
        "room": 16,
        "area": "臺北市"
      },
      "geometry": {
        "type": "Point",
        "coordinates": [
          121.52557,
          25.050975
        ]
      }
    },
    {
      "type": "Feature",
      "properties": {
        "name": "明星大飯店",
        "address": "臺北市萬華區成都路21號2至3樓23號2至3樓27巷1號2至3樓",
        "phone": "02-23755227",
        "button_price": 12880,
        "higher_price": 16880,
        "room": 34,
        "area": "臺北市"
      },
      "geometry": {
        "type": "Point",
        "coordinates": [
          121.506876,
          25.042767
        ]
      }
    },
    {
      "type": "Feature",
      "properties": {
        "name": "橙舍青年旅館（臺北二館）",
        "address": "臺北市萬華區漢口街二段56號2之3樓58號3樓",
        "phone": "02-23119559",
        "button_price": 3600,
        "higher_price": 16000,
        "room": 22,
        "area": "臺北市"
      },
      "geometry": {
        "type": "Point",
        "coordinates": [
          121.505474,
          25.045905
        ]
      }
    },
    {
      "type": "Feature",
      "properties": {
        "name": "酩月大飯店",
        "address": "臺北市萬華區成都路21號4至5樓23號4至5樓27巷1號4至5樓",
        "phone": "02-23755218",
        "button_price": 12880,
        "higher_price": 16880,
        "room": 31,
        "area": "臺北市"
      },
      "geometry": {
        "type": "Point",
        "coordinates": [
          121.506876,
          25.042767
        ]
      }
    },
    {
      "type": "Feature",
      "properties": {
        "name": "方舟旅店",
        "address": "臺北市中正區信義路二段255號1至4樓",
        "phone": "02-23912600",
        "button_price": 5500,
        "higher_price": 5500,
        "room": 12,
        "area": "臺北市"
      },
      "geometry": {
        "type": "Point",
        "coordinates": [
          121.531468,
          25.033823
        ]
      }
    },
    {
      "type": "Feature",
      "properties": {
        "name": "丰居旅店雙連館",
        "address": "臺北市中山區民生東路一段42號23樓之1至之5",
        "phone": "02-23112555",
        "button_price": 7000,
        "higher_price": 10000,
        "room": 47,
        "area": "臺北市"
      },
      "geometry": {
        "type": "Point",
        "coordinates": [
          121.524437,
          25.057929
        ]
      }
    },
    {
      "type": "Feature",
      "properties": {
        "name": "蜂巢 Bee House",
        "address": "臺北市大同區太原路5557號2至5樓",
        "phone": "02-25599000",
        "button_price": 5200,
        "higher_price": 7200,
        "room": 31,
        "area": "臺北市"
      },
      "geometry": {
        "type": "Point",
        "coordinates": [
          121.517076,
          25.057006
        ]
      }
    },
    {
      "type": "Feature",
      "properties": {
        "name": "旅樂序精品旅館",
        "address": "臺北市中正區館前路8號10樓11樓",
        "phone": "02-23832727",
        "button_price": 5800,
        "higher_price": 7800,
        "room": 34,
        "area": "臺北市"
      },
      "geometry": {
        "type": "Point",
        "coordinates": [
          121.514895,
          25.045814
        ]
      }
    },
    {
      "type": "Feature",
      "properties": {
        "name": "龍蝦先生的秘密巢穴",
        "address": "臺北市大同區重慶北路一段22號9樓",
        "phone": "02-25558752",
        "button_price": 640,
        "higher_price": 4400,
        "room": 33,
        "area": "臺北市"
      },
      "geometry": {
        "type": "Point",
        "coordinates": [
          121.513447,
          25.050471
        ]
      }
    },
    {
      "type": "Feature",
      "properties": {
        "name": "途中‧台北國際青年旅舍",
        "address": "臺北市北投區光明路82號1至5樓",
        "phone": "02-28910230",
        "button_price": 2000,
        "higher_price": 5600,
        "room": 10,
        "area": "臺北市"
      },
      "geometry": {
        "type": "Point",
        "coordinates": [
          121.50063,
          25.133019
        ]
      }
    },
    {
      "type": "Feature",
      "properties": {
        "name": "台北慕軒",
        "address": "臺北市大安區敦化南路一段331號1之13樓",
        "phone": "02-77266699",
        "button_price": 19000,
        "higher_price": 130000,
        "room": 124,
        "area": "臺北市"
      },
      "geometry": {
        "type": "Point",
        "coordinates": [
          121.549229,
          25.034061
        ]
      }
    },
    {
      "type": "Feature",
      "properties": {
        "name": "復新文旅 ",
        "address": "臺北市中山區復興北路282號36樓",
        "phone": "02-77337959、 0933-336618",
        "button_price": 5000,
        "higher_price": 6500,
        "room": 19,
        "area": "臺北市"
      },
      "geometry": {
        "type": "Point",
        "coordinates": [
          121.543931,
          25.058785
        ]
      }
    },
    {
      "type": "Feature",
      "properties": {
        "name": "洛碁大飯店中華館",
        "address": "臺北市中正區中華路一段41號2樓3樓10樓至14樓",
        "phone": "02-23705158",
        "button_price": 3000,
        "higher_price": 28000,
        "room": 197,
        "area": "臺北市"
      },
      "geometry": {
        "type": "Point",
        "coordinates": [
          121.509477,
          25.044865
        ]
      }
    },
    {
      "type": "Feature",
      "properties": {
        "name": "台北漫步旅店",
        "address": "臺北市萬華區成都路163號2至6樓",
        "phone": "02-23831334",
        "button_price": 18000,
        "higher_price": 28000,
        "room": 27,
        "area": "臺北市"
      },
      "geometry": {
        "type": "Point",
        "coordinates": [
          121.50237,
          25.043876
        ]
      }
    },
    {
      "type": "Feature",
      "properties": {
        "name": "儷夏旅館-西寧館",
        "address": "臺北市萬華區西寧南路30號3樓9樓",
        "phone": "02-23616999",
        "button_price": 3000,
        "higher_price": 21000,
        "room": 31,
        "area": "臺北市"
      },
      "geometry": {
        "type": "Point",
        "coordinates": [
          121.506732,
          25.04589
        ]
      }
    },
    {
      "type": "Feature",
      "properties": {
        "name": "皇家玫瑰旅館站前館",
        "address": "臺北市中山區華陰街3號1之4樓",
        "phone": "02-25217222",
        "button_price": 15000,
        "higher_price": 15000,
        "room": 12,
        "area": "臺北市"
      },
      "geometry": {
        "type": "Point",
        "coordinates": [
          121.520732,
          25.049043
        ]
      }
    },
    {
      "type": "Feature",
      "properties": {
        "name": "昌亞旅館",
        "address": "臺北市中山區林森北路673號1至7樓",
        "phone": "02-25863161",
        "button_price": 8000,
        "higher_price": 8000,
        "room": 29,
        "area": "臺北市"
      },
      "geometry": {
        "type": "Point",
        "coordinates": [
          121.525895,
          25.068172
        ]
      }
    },
    {
      "type": "Feature",
      "properties": {
        "name": "台北文華東方酒店",
        "address": "臺北市松山區敦化北路158號B3之14樓",
        "phone": "02-27156888",
        "button_price": 39850,
        "higher_price": 693000,
        "room": 303,
        "area": "臺北市"
      },
      "geometry": {
        "type": "Point",
        "coordinates": [
          121.548394,
          25.055344
        ]
      }
    },
    {
      "type": "Feature",
      "properties": {
        "name": "大地清旅",
        "address": "臺北市中山區長安東路二段246號4至5樓",
        "phone": "02-27110102",
        "button_price": 5500,
        "higher_price": 5500,
        "room": 36,
        "area": "臺北市"
      },
      "geometry": {
        "type": "Point",
        "coordinates": [
          121.543111,
          25.048176
        ]
      }
    },
    {
      "type": "Feature",
      "properties": {
        "name": "雀客旅館　",
        "address": "臺北市中山區松江路253號1至13樓",
        "phone": "02-77266277",
        "button_price": 9800,
        "higher_price": 12000,
        "room": 65,
        "area": "臺北市"
      },
      "geometry": {
        "type": "Point",
        "coordinates": [
          121.533396,
          25.059474
        ]
      }
    },
    {
      "type": "Feature",
      "properties": {
        "name": "安庭澔思青年旅舍",
        "address": "臺北市大同區承德路一段66號12樓",
        "phone": "02-25526176",
        "button_price": 2500,
        "higher_price": 8000,
        "room": 4,
        "area": "臺北市"
      },
      "geometry": {
        "type": "Point",
        "coordinates": [
          121.517149,
          25.052049
        ]
      }
    },
    {
      "type": "Feature",
      "properties": {
        "name": "卡樂町旅店",
        "address": "臺北市萬華區內江街55巷22號",
        "phone": "02-23826000",
        "button_price": 2288,
        "higher_price": 2288,
        "room": 20,
        "area": "臺北市"
      },
      "geometry": {
        "type": "Point",
        "coordinates": [
          121.505258,
          25.042546
        ]
      }
    },
    {
      "type": "Feature",
      "properties": {
        "name": "信星旅館",
        "address": "臺北市大同區華陰街48號至48之11號4樓50號至50之11號5樓",
        "phone": "02-25562015",
        "button_price": 3200,
        "higher_price": 4200,
        "room": 57,
        "area": "臺北市"
      },
      "geometry": {
        "type": "Point",
        "coordinates": [
          121.515525,
          25.050045
        ]
      }
    },
    {
      "type": "Feature",
      "properties": {
        "name": "昇美精旅",
        "address": "臺北市中山區新生北路二段25號1至6樓",
        "phone": "02-25111399",
        "button_price": 18000,
        "higher_price": 28800,
        "room": 42,
        "area": "臺北市"
      },
      "geometry": {
        "type": "Point",
        "coordinates": [
          121.527792,
          25.053652
        ]
      }
    },
    {
      "type": "Feature",
      "properties": {
        "name": "千彩格精品旅店　",
        "address": "臺北市中山區林森北路286號2至3樓",
        "phone": "02-25637555",
        "button_price": 6880,
        "higher_price": 14000,
        "room": 19,
        "area": "臺北市"
      },
      "geometry": {
        "type": "Point",
        "coordinates": [
          121.525358,
          25.055712
        ]
      }
    },
    {
      "type": "Feature",
      "properties": {
        "name": "有誠商旅",
        "address": "臺北市士林區至善路二段55號4樓至10樓",
        "phone": "02-88615599",
        "button_price": 11000,
        "higher_price": 18000,
        "room": 64,
        "area": "臺北市"
      },
      "geometry": {
        "type": "Point",
        "coordinates": [
          121.545036,
          25.097721
        ]
      }
    },
    {
      "type": "Feature",
      "properties": {
        "name": "拾光行旅",
        "address": "臺北市大同區延平北路二段255號2樓",
        "phone": "02-25574999",
        "button_price": 8000,
        "higher_price": 10000,
        "room": 49,
        "area": "臺北市"
      },
      "geometry": {
        "type": "Point",
        "coordinates": [
          121.511339,
          25.062344
        ]
      }
    },
    {
      "type": "Feature",
      "properties": {
        "name": "首都大飯店松山館",
        "address": "臺北市松山區八德路四段658號1至12樓",
        "phone": "02-77375577",
        "button_price": 13200,
        "higher_price": 19800,
        "room": 123,
        "area": "臺北市"
      },
      "geometry": {
        "type": "Point",
        "coordinates": [
          121.575689,
          25.049849
        ]
      }
    },
    {
      "type": "Feature",
      "properties": {
        "name": "皇家玫瑰旅館西門館",
        "address": "臺北市萬華區西寧南路63之1號",
        "phone": "02-23819333",
        "button_price": 15000,
        "higher_price": 15000,
        "room": 7,
        "area": "臺北市"
      },
      "geometry": {
        "type": "Point",
        "coordinates": [
          121.50706,
          25.046336
        ]
      }
    },
    {
      "type": "Feature",
      "properties": {
        "name": "洛碁大飯店驛",
        "address": "臺北市中正區重慶南路一段21號1至10樓及15號2至10樓",
        "phone": "02-23819199",
        "button_price": 6000,
        "higher_price": 36000,
        "room": 103,
        "area": "臺北市"
      },
      "geometry": {
        "type": "Point",
        "coordinates": [
          121.513403,
          25.04576
        ]
      }
    },
    {
      "type": "Feature",
      "properties": {
        "name": "思泊客",
        "address": "臺北市信義區信義路五段16號B118號B1B1之1",
        "phone": "02-27230999",
        "button_price": 11800,
        "higher_price": 11800,
        "room": 45,
        "area": "臺北市"
      },
      "geometry": {
        "type": "Point",
        "coordinates": [
          121.562957,
          25.032696
        ]
      }
    },
    {
      "type": "Feature",
      "properties": {
        "name": "誠品行旅",
        "address": "臺北市信義區菸廠路98號2樓3樓",
        "phone": "02-66262888",
        "button_price": 26000,
        "higher_price": 200000,
        "room": 104,
        "area": "臺北市"
      },
      "geometry": {
        "type": "Point",
        "coordinates": [
          121.561734,
          25.044654
        ]
      }
    },
    {
      "type": "Feature",
      "properties": {
        "name": "松哖酒店",
        "address": "臺北市大安區仁愛路三段6號及8號1至12樓",
        "phone": "02-27070101",
        "button_price": 8500,
        "higher_price": 18000,
        "room": 89,
        "area": "臺北市"
      },
      "geometry": {
        "type": "Point",
        "coordinates": [
          121.533462,
          25.037839
        ]
      }
    },
    {
      "type": "Feature",
      "properties": {
        "name": "台北西門窩青年旅館",
        "address": "臺北市萬華區漢中街42號8樓",
        "phone": "02-23315100",
        "button_price": 1400,
        "higher_price": 1400,
        "room": 6,
        "area": "臺北市"
      },
      "geometry": {
        "type": "Point",
        "coordinates": [
          121.507346,
          25.044225
        ]
      }
    },
    {
      "type": "Feature",
      "properties": {
        "name": "凡登商旅●二館",
        "address": "臺北市大安區忠孝東路四段197號14樓之268",
        "phone": "02-87710852",
        "button_price": 20000,
        "higher_price": 20000,
        "room": 32,
        "area": "臺北市"
      },
      "geometry": {
        "type": "Point",
        "coordinates": [
          121.551621,
          25.041678
        ]
      }
    },
    {
      "type": "Feature",
      "properties": {
        "name": "沃田旅店",
        "address": "臺北市士林區中山北路七段127號1至13樓",
        "phone": "02-28752288",
        "button_price": 2400,
        "higher_price": 7500,
        "room": 172,
        "area": "臺北市"
      },
      "geometry": {
        "type": "Point",
        "coordinates": [
          121.531751,
          25.122736
        ]
      }
    },
    {
      "type": "Feature",
      "properties": {
        "name": "承攜行旅台北復北館",
        "address": "臺北市松山區復興北路307號1至7樓",
        "phone": "02-27122155",
        "button_price": 18000,
        "higher_price": 22000,
        "room": 65,
        "area": "臺北市"
      },
      "geometry": {
        "type": "Point",
        "coordinates": [
          121.544404,
          25.058584
        ]
      }
    },
    {
      "type": "Feature",
      "properties": {
        "name": "瘋台北青旅",
        "address": "臺北市中正區延平南路21號2樓及6樓",
        "phone": "02-23821818",
        "button_price": 1000,
        "higher_price": 4800,
        "room": 17,
        "area": "臺北市"
      },
      "geometry": {
        "type": "Point",
        "coordinates": [
          121.510729,
          25.045732
        ]
      }
    },
    {
      "type": "Feature",
      "properties": {
        "name": "豪景大酒店新館",
        "address": "臺北市萬華區成都路173之1號B2及1至7樓",
        "phone": "02-23113130",
        "button_price": 6600,
        "higher_price": 11000,
        "room": 48,
        "area": "臺北市"
      },
      "geometry": {
        "type": "Point",
        "coordinates": [
          121.501625,
          25.044277
        ]
      }
    },
    {
      "type": "Feature",
      "properties": {
        "name": "天閣酒店台北復興",
        "address": "臺北市松山區復興北路147號1至12樓",
        "phone": "02-87128000",
        "button_price": 10200,
        "higher_price": 30000,
        "room": 70,
        "area": "臺北市"
      },
      "geometry": {
        "type": "Point",
        "coordinates": [
          121.544295,
          25.053723
        ]
      }
    },
    {
      "type": "Feature",
      "properties": {
        "name": "互舍商旅台北館",
        "address": "臺北市大同區重慶北路二段172號1至14樓5樓之1至14樓之1及174號保安街1311號4樓",
        "phone": "02-25533919",
        "button_price": 3600,
        "higher_price": 36000,
        "room": 148,
        "area": "臺北市"
      },
      "geometry": {
        "type": "Point",
        "coordinates": [
          121.513454,
          25.05939
        ]
      }
    },
    {
      "type": "Feature",
      "properties": {
        "name": "品格子旅店西門館",
        "address": "臺北市萬華區西寧南路30號8樓",
        "phone": "02-23618008",
        "button_price": 750,
        "higher_price": 7600,
        "room": 35,
        "area": "臺北市"
      },
      "geometry": {
        "type": "Point",
        "coordinates": [
          121.506732,
          25.04589
        ]
      }
    },
    {
      "type": "Feature",
      "properties": {
        "name": "台北中山意舍酒店",
        "address": "臺北市中山區中山北路二段57之1號1至8樓",
        "phone": "02-25652828",
        "button_price": 5100,
        "higher_price": 15500,
        "room": 90,
        "area": "臺北市"
      },
      "geometry": {
        "type": "Point",
        "coordinates": [
          121.522958,
          25.055734
        ]
      }
    },
    {
      "type": "Feature",
      "properties": {
        "name": "小公館人文旅舍",
        "address": "臺北市松山區南京東路五段399號5814樓",
        "phone": "02-27690200",
        "button_price": 6000,
        "higher_price": 25200,
        "room": 20,
        "area": "臺北市"
      },
      "geometry": {
        "type": "Point",
        "coordinates": [
          121.569669,
          25.051497
        ]
      }
    },
    {
      "type": "Feature",
      "properties": {
        "name": "?美精旅",
        "address": "臺北市中正區重慶南路一段111號",
        "phone": "02-23832088",
        "button_price": 8000,
        "higher_price": 16000,
        "room": 38,
        "area": "臺北市"
      },
      "geometry": {
        "type": "Point",
        "coordinates": [
          121.513321,
          25.042735
        ]
      }
    },
    {
      "type": "Feature",
      "properties": {
        "name": "綺樂文旅 康定館",
        "address": "臺北市萬華區康定路32號1至6樓",
        "phone": "02-23615868",
        "button_price": 8800,
        "higher_price": 8800,
        "room": 23,
        "area": "臺北市"
      },
      "geometry": {
        "type": "Point",
        "coordinates": [
          121.502615,
          25.044013
        ]
      }
    },
    {
      "type": "Feature",
      "properties": {
        "name": "北門臥客青年旅舍",
        "address": "臺北市大同區甘谷街26號2樓之1",
        "phone": "02-25557177",
        "button_price": 4000,
        "higher_price": 8000,
        "room": 5,
        "area": "臺北市"
      },
      "geometry": {
        "type": "Point",
        "coordinates": [
          121.510876,
          25.052772
        ]
      }
    },
    {
      "type": "Feature",
      "properties": {
        "name": "新驛旅店復興北路店",
        "address": "臺北市中山區復興北路338號",
        "phone": "02-25158777",
        "button_price": 9600,
        "higher_price": 15500,
        "room": 120,
        "area": "臺北市"
      },
      "geometry": {
        "type": "Point",
        "coordinates": [
          121.543951,
          25.059536
        ]
      }
    },
    {
      "type": "Feature",
      "properties": {
        "name": "朵兒旅館",
        "address": "臺北市中山區新生北路一段66號2樓",
        "phone": "02-25232699",
        "button_price": 2000,
        "higher_price": 29000,
        "room": 7,
        "area": "臺北市"
      },
      "geometry": {
        "type": "Point",
        "coordinates": [
          121.530403,
          25.047031
        ]
      }
    },
    {
      "type": "Feature",
      "properties": {
        "name": "東楓商旅",
        "address": "臺北市大安區忠孝東路四段209號7樓7樓之17樓之2211號7樓",
        "phone": "02-27211511",
        "button_price": 2000,
        "higher_price": 20000,
        "room": 22,
        "area": "臺北市"
      },
      "geometry": {
        "type": "Point",
        "coordinates": [
          121.552017,
          25.041671
        ]
      }
    },
    {
      "type": "Feature",
      "properties": {
        "name": "璞邸旅店",
        "address": "臺北市中正區重慶南路一段7號1至4樓",
        "phone": "02-23815566",
        "button_price": 2790,
        "higher_price": 6300,
        "room": 13,
        "area": "臺北市"
      },
      "geometry": {
        "type": "Point",
        "coordinates": [
          121.513377,
          25.046379
        ]
      }
    },
    {
      "type": "Feature",
      "properties": {
        "name": "浩室物業1館",
        "address": "臺北市萬華區昆明街316號318號",
        "phone": "02-77553617",
        "button_price": 2400,
        "higher_price": 9600,
        "room": 11,
        "area": "臺北市"
      },
      "geometry": {
        "type": "Point",
        "coordinates": [
          121.503288,
          25.035791
        ]
      }
    },
    {
      "type": "Feature",
      "properties": {
        "name": "艾特文旅",
        "address": "臺北市萬華區武昌街二段124之2號4樓",
        "phone": "02-23885558",
        "button_price": 13920,
        "higher_price": 17520,
        "room": 29,
        "area": "臺北市"
      },
      "geometry": {
        "type": "Point",
        "coordinates": [
          121.503683,
          25.045383
        ]
      }
    },
    {
      "type": "Feature",
      "properties": {
        "name": "賦樂旅居",
        "address": "臺北市大安區大安路一段56號56號4樓",
        "phone": "02-27111118",
        "button_price": 16170,
        "higher_price": 24255,
        "room": 42,
        "area": "臺北市"
      },
      "geometry": {
        "type": "Point",
        "coordinates": [
          121.546052,
          25.043026
        ]
      }
    },
    {
      "type": "Feature",
      "properties": {
        "name": "清翼居旅店童話館",
        "address": "臺北市中正區開封街一段36號3之7樓",
        "phone": "02-23117168",
        "button_price": 3700,
        "higher_price": 4900,
        "room": 39,
        "area": "臺北市"
      },
      "geometry": {
        "type": "Point",
        "coordinates": [
          121.512387,
          25.045918
        ]
      }
    },
    {
      "type": "Feature",
      "properties": {
        "name": "城市商旅德立莊分館",
        "address": "臺北市中正區秀山街4號5之12樓15樓衡陽路99號5之12樓15樓延平南路110號5之11樓15樓",
        "phone": "02-23757777",
        "button_price": 18000,
        "higher_price": 20000,
        "room": 535,
        "area": "臺北市"
      },
      "geometry": {
        "type": "Point",
        "coordinates": [
          121.509311,
          25.042791
        ]
      }
    },
    {
      "type": "Feature",
      "properties": {
        "name": "町記憶旅店",
        "address": "臺北市萬華區昆明街117號117之1至之6號及119號119之1至之6號1至7樓",
        "phone": "02-23709830",
        "button_price": 16800,
        "higher_price": 28800,
        "room": 42,
        "area": "臺北市"
      },
      "geometry": {
        "type": "Point",
        "coordinates": [
          121.504693,
          25.041931
        ]
      }
    },
    {
      "type": "Feature",
      "properties": {
        "name": "鉑泊客",
        "address": "臺北市中正區漢口街一段50號1之5樓",
        "phone": "02-23755555",
        "button_price": 3080,
        "higher_price": 3680,
        "room": 58,
        "area": "臺北市"
      },
      "geometry": {
        "type": "Point",
        "coordinates": [
          121.513486,
          25.045103
        ]
      }
    },
    {
      "type": "Feature",
      "properties": {
        "name": "約克旅店",
        "address": "臺北市中正區南陽街13號4樓",
        "phone": "02-23705528",
        "button_price": 2280,
        "higher_price": 5690,
        "room": 17,
        "area": "臺北市"
      },
      "geometry": {
        "type": "Point",
        "coordinates": [
          121.516155,
          25.045037
        ]
      }
    },
    {
      "type": "Feature",
      "properties": {
        "name": "台北發現青年旅舍",
        "address": "臺北市中山區民權東路二段21號56樓",
        "phone": "02-25980209",
        "button_price": 6000,
        "higher_price": 14000,
        "room": 7,
        "area": "臺北市"
      },
      "geometry": {
        "type": "Point",
        "coordinates": [
          121.52909,
          25.062794
        ]
      }
    },
    {
      "type": "Feature",
      "properties": {
        "name": "二十輪旅店大安店",
        "address": "臺北市大安區大安路一段183號185號185號2樓至7樓",
        "phone": "02-27032220",
        "button_price": 4500,
        "higher_price": 26000,
        "room": 30,
        "area": "臺北市"
      },
      "geometry": {
        "type": "Point",
        "coordinates": [
          121.546111,
          25.036144
        ]
      }
    },
    {
      "type": "Feature",
      "properties": {
        "name": "福爾摩莎壹零壹旅館",
        "address": "臺北市信義區基隆路二段115號5樓5樓之1及9樓",
        "phone": "02-23771579",
        "button_price": 1650,
        "higher_price": 4400,
        "room": 34,
        "area": "臺北市"
      },
      "geometry": {
        "type": "Point",
        "coordinates": [
          121.557114,
          25.028634
        ]
      }
    },
    {
      "type": "Feature",
      "properties": {
        "name": "台北六福萬怡酒店",
        "address": "臺北市南港區忠孝東路七段359號7之30樓",
        "phone": "02-21716565",
        "button_price": 12000,
        "higher_price": 100000,
        "room": 465,
        "area": "臺北市"
      },
      "geometry": {
        "type": "Point",
        "coordinates": [
          121.606056,
          25.052512
        ]
      }
    },
    {
      "type": "Feature",
      "properties": {
        "name": "番茄行旅",
        "address": "臺北市大同區太原路156之2號5樓",
        "phone": "02-25555930",
        "button_price": 4000,
        "higher_price": 6500,
        "room": 5,
        "area": "臺北市"
      },
      "geometry": {
        "type": "Point",
        "coordinates": [
          121.516361,
          25.054867
        ]
      }
    },
    {
      "type": "Feature",
      "properties": {
        "name": "壹零壹艾美琪旅店",
        "address": "臺北市大安區復興南路一段126巷1號4樓",
        "phone": "02-27728101",
        "button_price": 18000,
        "higher_price": 28800,
        "room": 36,
        "area": "臺北市"
      },
      "geometry": {
        "type": "Point",
        "coordinates": [
          121.543,
          25.04331
        ]
      }
    },
    {
      "type": "Feature",
      "properties": {
        "name": "沃客商旅-西門館",
        "address": "臺北市萬華區中華路一段144號10樓",
        "phone": "02-23812633",
        "button_price": 980,
        "higher_price": 19800,
        "room": 23,
        "area": "臺北市"
      },
      "geometry": {
        "type": "Point",
        "coordinates": [
          121.508152,
          25.043149
        ]
      }
    },
    {
      "type": "Feature",
      "properties": {
        "name": "甄美精品商旅",
        "address": "臺北市中山區林森北路259巷9號2樓",
        "phone": "02-25639696",
        "button_price": 18000,
        "higher_price": 22000,
        "room": 41,
        "area": "臺北市"
      },
      "geometry": {
        "type": "Point",
        "coordinates": [
          121.526061,
          25.054383
        ]
      }
    },
    {
      "type": "Feature",
      "properties": {
        "name": "天使青旅",
        "address": "臺北市中正區衡陽路51號2樓之2",
        "phone": "02-23131319",
        "button_price": 399,
        "higher_price": 1320,
        "room": 8,
        "area": "臺北市"
      },
      "geometry": {
        "type": "Point",
        "coordinates": [
          121.512184,
          25.04238
        ]
      }
    },
    {
      "type": "Feature",
      "properties": {
        "name": "能量旅店",
        "address": "臺北市萬華區康定路25巷38號",
        "phone": "02-23121211",
        "button_price": 4800,
        "higher_price": 6400,
        "room": 4,
        "area": "臺北市"
      },
      "geometry": {
        "type": "Point",
        "coordinates": [
          121.504538,
          25.043579
        ]
      }
    },
    {
      "type": "Feature",
      "properties": {
        "name": "洛碁大飯店南京館",
        "address": "臺北市中山區南京東路三段8號1樓至14樓",
        "phone": "02-25098882",
        "button_price": 3000,
        "higher_price": 30000,
        "room": 116,
        "area": "臺北市"
      },
      "geometry": {
        "type": "Point",
        "coordinates": [
          121.537252,
          25.051788
        ]
      }
    },
    {
      "type": "Feature",
      "properties": {
        "name": "藝宿商旅",
        "address": "臺北市大同區重慶北路一段116號2樓至11樓及11樓夾層",
        "phone": "02-25506655",
        "button_price": 6160,
        "higher_price": 8800,
        "room": 69,
        "area": "臺北市"
      },
      "geometry": {
        "type": "Point",
        "coordinates": [
          121.514013,
          25.053301
        ]
      }
    },
    {
      "type": "Feature",
      "properties": {
        "name": "方舟旅店 長安復興",
        "address": "臺北市中山區長安東路二段246號3樓10樓及11樓",
        "phone": "02-27727750",
        "button_price": 4300,
        "higher_price": 18880,
        "room": 82,
        "area": "臺北市"
      },
      "geometry": {
        "type": "Point",
        "coordinates": [
          121.543111,
          25.048176
        ]
      }
    },
    {
      "type": "Feature",
      "properties": {
        "name": "峻美精旅",
        "address": "臺北市中山區長春路62號6樓",
        "phone": "02-25312338",
        "button_price": 13000,
        "higher_price": 22000,
        "room": 15,
        "area": "臺北市"
      },
      "geometry": {
        "type": "Point",
        "coordinates": [
          121.526259,
          25.054821
        ]
      }
    },
    {
      "type": "Feature",
      "properties": {
        "name": "天雲旅棧台北基河",
        "address": "臺北市士林區基河路18號",
        "phone": "02-28856666",
        "button_price": 20000,
        "higher_price": 20000,
        "room": 31,
        "area": "臺北市"
      },
      "geometry": {
        "type": "Point",
        "coordinates": [
          121.52431,
          25.082924
        ]
      }
    },
    {
      "type": "Feature",
      "properties": {
        "name": "台北天晴旅店",
        "address": "臺北市中正區懷寧街92之2號1至6樓",
        "phone": "02-23319391",
        "button_price": 5000,
        "higher_price": 20000,
        "room": 15,
        "area": "臺北市"
      },
      "geometry": {
        "type": "Point",
        "coordinates": [
          121.513977,
          25.042656
        ]
      }
    },
    {
      "type": "Feature",
      "properties": {
        "name": "丰居旅店忠孝館",
        "address": "臺北市大安區復興南路一段126巷1號3樓",
        "phone": "02-77116368",
        "button_price": 2420,
        "higher_price": 20000,
        "room": 21,
        "area": "臺北市"
      },
      "geometry": {
        "type": "Point",
        "coordinates": [
          121.543,
          25.04331
        ]
      }
    },
    {
      "type": "Feature",
      "properties": {
        "name": "怡品商旅",
        "address": "臺北市大安區忠孝東路四段87號1314樓",
        "phone": "02-27766136",
        "button_price": 1000,
        "higher_price": 25000,
        "room": 81,
        "area": "臺北市"
      },
      "geometry": {
        "type": "Point",
        "coordinates": [
          121.547624,
          25.041758
        ]
      }
    },
    {
      "type": "Feature",
      "properties": {
        "name": "姆提文創旅店",
        "address": "臺北市大安區信義路三段147巷5弄4號1樓",
        "phone": "02-23897563",
        "button_price": 2380,
        "higher_price": 16000,
        "room": 11,
        "area": "臺北市"
      },
      "geometry": {
        "type": "Point",
        "coordinates": [
          121.542314,
          25.033842
        ]
      }
    },
    {
      "type": "Feature",
      "properties": {
        "name": "禾順行旅",
        "address": "臺北市萬華區廣州街247號及247號2至6樓",
        "phone": "02-23081000",
        "button_price": 10000,
        "higher_price": 20000,
        "room": 98,
        "area": "臺北市"
      },
      "geometry": {
        "type": "Point",
        "coordinates": [
          121.497304,
          25.03684
        ]
      }
    },
    {
      "type": "Feature",
      "properties": {
        "name": "清翼居旅店采風館",
        "address": "臺北市中正區南陽街8號2至5樓",
        "phone": "02-23123661",
        "button_price": 6500,
        "higher_price": 8000,
        "room": 50,
        "area": "臺北市"
      },
      "geometry": {
        "type": "Point",
        "coordinates": [
          121.516057,
          25.045209
        ]
      }
    },
    {
      "type": "Feature",
      "properties": {
        "name": "丰居旅店北車館",
        "address": "臺北市中正區重慶南路一段60號",
        "phone": "02-23142121",
        "button_price": 10000,
        "higher_price": 12000,
        "room": 23,
        "area": "臺北市"
      },
      "geometry": {
        "type": "Point",
        "coordinates": [
          121.513104,
          25.043824
        ]
      }
    },
    {
      "type": "Feature",
      "properties": {
        "name": "米尼旅店",
        "address": "臺北市中正區忠孝西路一段23號5至6樓",
        "phone": "02-23881516",
        "button_price": 1000,
        "higher_price": 3260,
        "room": 8,
        "area": "臺北市"
      },
      "geometry": {
        "type": "Point",
        "coordinates": [
          121.518961,
          25.046021
        ]
      }
    },
    {
      "type": "Feature",
      "properties": {
        "name": "寧夏2號旅店",
        "address": "臺北市大同區寧夏路2號",
        "phone": "02-25507619",
        "button_price": 14880,
        "higher_price": 16880,
        "room": 19,
        "area": "臺北市"
      },
      "geometry": {
        "type": "Point",
        "coordinates": [
          121.514706,
          25.05439
        ]
      }
    },
    {
      "type": "Feature",
      "properties": {
        "name": "台北松山意舍酒店",
        "address": "臺北市南港區市民大道七段8號17樓至21樓",
        "phone": "02-26532828",
        "button_price": 3465,
        "higher_price": 135135,
        "room": 190,
        "area": "臺北市"
      },
      "geometry": {
        "type": "Point",
        "coordinates": [
          121.580626,
          25.049177
        ]
      }
    },
    {
      "type": "Feature",
      "properties": {
        "name": "趣旅館‧林森館",
        "address": "臺北市中山區林森北路487號1樓至2樓",
        "phone": "02-25683242",
        "button_price": 3650,
        "higher_price": 11700,
        "room": 123,
        "area": "臺北市"
      },
      "geometry": {
        "type": "Point",
        "coordinates": [
          121.525773,
          25.061364
        ]
      }
    },
    {
      "type": "Feature",
      "properties": {
        "name": "綺樂文旅 開封館",
        "address": "臺北市中正區開封街一段35號1至8樓",
        "phone": "02-23615889",
        "button_price": 2300,
        "higher_price": 12000,
        "room": 63,
        "area": "臺北市"
      },
      "geometry": {
        "type": "Point",
        "coordinates": [
          121.512741,
          25.046063
        ]
      }
    },
    {
      "type": "Feature",
      "properties": {
        "name": "洛碁大飯店松山館",
        "address": "臺北市南港區玉成街149號",
        "phone": "02-27837088",
        "button_price": 3000,
        "higher_price": 30000,
        "room": 97,
        "area": "臺北市"
      },
      "geometry": {
        "type": "Point",
        "coordinates": [
          121.58369,
          25.045325
        ]
      }
    },
    {
      "type": "Feature",
      "properties": {
        "name": "獅城旅館",
        "address": "臺北市大同區華陰街179號3之5樓",
        "phone": "02-25591231",
        "button_price": 600,
        "higher_price": 2480,
        "room": 67,
        "area": "臺北市"
      },
      "geometry": {
        "type": "Point",
        "coordinates": [
          121.51539,
          25.050298
        ]
      }
    },
    {
      "type": "Feature",
      "properties": {
        "name": "日日吉旅店",
        "address": "臺北市大同區昌吉街1號1樓至3樓",
        "phone": "02-25991787",
        "button_price": 980,
        "higher_price": 2380,
        "room": 21,
        "area": "臺北市"
      },
      "geometry": {
        "type": "Point",
        "coordinates": [
          121.517897,
          25.065947
        ]
      }
    },
    {
      "type": "Feature",
      "properties": {
        "name": "路徒行旅-中華館",
        "address": "臺北市中正區延平南路68號",
        "phone": "02-23120589",
        "button_price": 8880,
        "higher_price": 35880,
        "room": 68,
        "area": "臺北市"
      },
      "geometry": {
        "type": "Point",
        "coordinates": [
          121.510329,
          25.044927
        ]
      }
    },
    {
      "type": "Feature",
      "properties": {
        "name": "旅樂序精品旅館三館",
        "address": "臺北市中正區懷寧街34號1至8樓",
        "phone": "02-23758333",
        "button_price": 3988,
        "higher_price": 5188,
        "room": 41,
        "area": "臺北市"
      },
      "geometry": {
        "type": "Point",
        "coordinates": [
          121.514082,
          25.045017
        ]
      }
    },
    {
      "type": "Feature",
      "properties": {
        "name": "漫旅時光",
        "address": "臺北市中山區林森北路282號3樓",
        "phone": "02-25617711",
        "button_price": 6600,
        "higher_price": 9600,
        "room": 20,
        "area": "臺北市"
      },
      "geometry": {
        "type": "Point",
        "coordinates": [
          121.525353,
          25.055548
        ]
      }
    },
    {
      "type": "Feature",
      "properties": {
        "name": "洛碁大飯店忠孝館",
        "address": "臺北市大安區忠孝東路四段180號1樓4樓至14樓",
        "phone": "02-27116869",
        "button_price": 3000,
        "higher_price": 28000,
        "room": 150,
        "area": "臺北市"
      },
      "geometry": {
        "type": "Point",
        "coordinates": [
          121.551533,
          25.041262
        ]
      }
    },
    {
      "type": "Feature",
      "properties": {
        "name": "靜好文旅by墾趣",
        "address": "臺北市中山區南京東路二段11號11樓",
        "phone": "02-25718875",
        "button_price": 2780,
        "higher_price": 12700,
        "room": 10,
        "area": "臺北市"
      },
      "geometry": {
        "type": "Point",
        "coordinates": [
          121.528423,
          25.052336
        ]
      }
    },
    {
      "type": "Feature",
      "properties": {
        "name": "背包棧旅店-台北長春店",
        "address": "臺北市中山區長春路258巷6號2樓",
        "phone": "02-25180188",
        "button_price": 2500,
        "higher_price": 24000,
        "room": 43,
        "area": "臺北市"
      },
      "geometry": {
        "type": "Point",
        "coordinates": [
          121.538918,
          25.054155
        ]
      }
    },
    {
      "type": "Feature",
      "properties": {
        "name": "台北北門窩泊旅",
        "address": "臺北市大同區太原路92巷2之12之22之32之4號",
        "phone": "02-25525068",
        "button_price": 540,
        "higher_price": 4500,
        "room": 19,
        "area": "臺北市"
      },
      "geometry": {
        "type": "Point",
        "coordinates": [
          121.515349,
          25.052644
        ]
      }
    },
    {
      "type": "Feature",
      "properties": {
        "name": "斯格加旅店",
        "address": "臺北市中山區林森北路72號1樓至4樓",
        "phone": "02-25629117",
        "button_price": 1500,
        "higher_price": 7000,
        "room": 7,
        "area": "臺北市"
      },
      "geometry": {
        "type": "Point",
        "coordinates": [
          121.524545,
          25.049486
        ]
      }
    },
    {
      "type": "Feature",
      "properties": {
        "name": "詩漫精品旅館",
        "address": "臺北市中正區館前路8號6樓",
        "phone": "02-23820111",
        "button_price": 9770,
        "higher_price": 11530,
        "room": 33,
        "area": "臺北市"
      },
      "geometry": {
        "type": "Point",
        "coordinates": [
          121.514895,
          25.045814
        ]
      }
    },
    {
      "type": "Feature",
      "properties": {
        "name": "城市商旅昆明館（HOTEL PAPA WHALE）",
        "address": "臺北市萬華區昆明街46號地下1樓46號及46號2至4樓4樓之24樓之3",
        "phone": "02-23311177",
        "button_price": 12020,
        "higher_price": 22000,
        "room": 335,
        "area": "臺北市"
      },
      "geometry": {
        "type": "Point",
        "coordinates": [
          121.505717,
          25.046433
        ]
      }
    },
    {
      "type": "Feature",
      "properties": {
        "name": "碩美精品飯店",
        "address": "臺北市中山區中山北路二段71號3樓",
        "phone": "02-25621598",
        "button_price": 15000,
        "higher_price": 26800,
        "room": 25,
        "area": "臺北市"
      },
      "geometry": {
        "type": "Point",
        "coordinates": [
          121.523053,
          25.057286
        ]
      }
    },
    {
      "type": "Feature",
      "properties": {
        "name": "卡夫人背包客棧",
        "address": "臺北市中正區館前路34號7樓",
        "phone": "02-23881666",
        "button_price": 300,
        "higher_price": 6000,
        "room": 14,
        "area": "臺北市"
      },
      "geometry": {
        "type": "Point",
        "coordinates": [
          121.514908,
          25.044665
        ]
      }
    },
    {
      "type": "Feature",
      "properties": {
        "name": "福爾摩沙正旅館",
        "address": "臺北市中正區重慶南路一段1號3樓",
        "phone": "02-23718230",
        "button_price": 1600,
        "higher_price": 3600,
        "room": 23,
        "area": "臺北市"
      },
      "geometry": {
        "type": "Point",
        "coordinates": [
          121.513383,
          25.046793
        ]
      }
    },
    {
      "type": "Feature",
      "properties": {
        "name": "大安公園旅店",
        "address": "臺北市中正區信義路二段271號8樓",
        "phone": "02-23965222",
        "button_price": 650,
        "higher_price": 18000,
        "room": 13,
        "area": "臺北市"
      },
      "geometry": {
        "type": "Point",
        "coordinates": [
          121.531988,
          25.033811
        ]
      }
    },
    {
      "type": "Feature",
      "properties": {
        "name": "帛堯初見輕旅",
        "address": "臺北市萬華區忠孝西路二段38號",
        "phone": "02-23886813",
        "button_price": 1600,
        "higher_price": 8000,
        "room": 4,
        "area": "臺北市"
      },
      "geometry": {
        "type": "Point",
        "coordinates": [
          121.507881,
          25.048328
        ]
      }
    },
    {
      "type": "Feature",
      "properties": {
        "name": "進綵商旅",
        "address": "臺北市大同區迪化街一段334號1至3樓",
        "phone": "02-25536711",
        "button_price": 5750,
        "higher_price": 12000,
        "room": 6,
        "area": "臺北市"
      },
      "geometry": {
        "type": "Point",
        "coordinates": [
          121.509168,
          25.062183
        ]
      }
    },
    {
      "type": "Feature",
      "properties": {
        "name": "在家行旅西門館",
        "address": "臺北市萬華區昆明街96巷8號1樓",
        "phone": "02-23619000",
        "button_price": 5000,
        "higher_price": 20000,
        "room": 5,
        "area": "臺北市"
      },
      "geometry": {
        "type": "Point",
        "coordinates": [
          121.504562,
          25.044784
        ]
      }
    },
    {
      "type": "Feature",
      "properties": {
        "name": "涪美飯店",
        "address": "臺北市中正區重慶南路一段94號",
        "phone": "02-23810086",
        "button_price": 5600,
        "higher_price": 20000,
        "room": 49,
        "area": "臺北市"
      },
      "geometry": {
        "type": "Point",
        "coordinates": [
          121.513099,
          25.042895
        ]
      }
    },
    {
      "type": "Feature",
      "properties": {
        "name": "台灣青旅",
        "address": "臺北市中正區青島西路11號地下1樓",
        "phone": "02-23613000",
        "button_price": 4000,
        "higher_price": 5000,
        "room": 12,
        "area": "臺北市"
      },
      "geometry": {
        "type": "Point",
        "coordinates": [
          121.517767,
          25.044988
        ]
      }
    },
    {
      "type": "Feature",
      "properties": {
        "name": "夾腳拖的家長安122",
        "address": "臺北市大同區長安西路122號124號1至4樓",
        "phone": "02-25585050",
        "button_price": 1000,
        "higher_price": 5000,
        "room": 31,
        "area": "臺北市"
      },
      "geometry": {
        "type": "Point",
        "coordinates": [
          121.518125,
          25.050547
        ]
      }
    },
    {
      "type": "Feature",
      "properties": {
        "name": "仲信大湖商旅",
        "address": "臺北市內湖區成功路四段351353號1至4樓",
        "phone": "02-27932122",
        "button_price": 6000,
        "higher_price": 6000,
        "room": 27,
        "area": "臺北市"
      },
      "geometry": {
        "type": "Point",
        "coordinates": [
          121.60023,
          25.084492
        ]
      }
    },
    {
      "type": "Feature",
      "properties": {
        "name": "華山文旅",
        "address": "臺北市中正區金山北路1號4樓4樓之1至之34樓之5至之87樓7樓之1至之37樓之5至之88樓8樓之1至之38樓之5",
        "phone": "02-23963388",
        "button_price": 6000,
        "higher_price": 10000,
        "room": 23,
        "area": "臺北市"
      },
      "geometry": {
        "type": "Point",
        "coordinates": [
          121.530348,
          25.043935
        ]
      }
    },
    {
      "type": "Feature",
      "properties": {
        "name": "朗司旅館",
        "address": "臺北市大安區信義路三段147巷18號2樓至7樓2樓之1及6樓之1",
        "phone": "02-27018110",
        "button_price": 5500,
        "higher_price": 18000,
        "room": 25,
        "area": "臺北市"
      },
      "geometry": {
        "type": "Point",
        "coordinates": [
          121.541877,
          25.036121
        ]
      }
    },
    {
      "type": "Feature",
      "properties": {
        "name": "皇后旅店二館",
        "address": "臺北市大同區南京西路163號四樓之2",
        "phone": "02-25555877",
        "button_price": 6800,
        "higher_price": 6800,
        "room": 30,
        "area": "臺北市"
      },
      "geometry": {
        "type": "Point",
        "coordinates": [
          121.513129,
          25.054082
        ]
      }
    },
    {
      "type": "Feature",
      "properties": {
        "name": "旅樂序精品旅館二館",
        "address": "臺北市中正區漢口街一段15號1至8樓",
        "phone": "02-23757555",
        "button_price": 2488,
        "higher_price": 9800,
        "room": 58,
        "area": "臺北市"
      },
      "geometry": {
        "type": "Point",
        "coordinates": [
          121.514401,
          25.04522
        ]
      }
    },
    {
      "type": "Feature",
      "properties": {
        "name": "東門3號膠囊旅店",
        "address": "臺北市大安區信義路二段110號",
        "phone": "02-23583299",
        "button_price": 650,
        "higher_price": 80000,
        "room": 4,
        "area": "臺北市"
      },
      "geometry": {
        "type": "Point",
        "coordinates": [
          121.527707,
          25.033799
        ]
      }
    },
    {
      "type": "Feature",
      "properties": {
        "name": "台北北投雅樂軒酒店",
        "address": "臺北市北投區中央里大業路302號300巷1號2樓",
        "phone": "02-77011788",
        "button_price": 11000,
        "higher_price": 28000,
        "room": 292,
        "area": "臺北市"
      },
      "geometry": {
        "type": "Point",
        "coordinates": [
          121.498161,
          25.128356
        ]
      }
    },
    {
      "type": "Feature",
      "properties": {
        "name": "柯達大飯店台北天津 ",
        "address": "臺北市中山區中山北路一段53巷22號22號4樓至8樓",
        "phone": "02-25812222",
        "button_price": 1500,
        "higher_price": 15000,
        "room": 57,
        "area": "臺北市"
      },
      "geometry": {
        "type": "Point",
        "coordinates": [
          121.523148,
          25.048845
        ]
      }
    },
    {
      "type": "Feature",
      "properties": {
        "name": "東驛 E-HOUSE",
        "address": "臺北市萬華區西寧南路155號3F",
        "phone": "02-23615161",
        "button_price": 7000,
        "higher_price": 7000,
        "room": 13,
        "area": "臺北市"
      },
      "geometry": {
        "type": "Point",
        "coordinates": [
          121.506264,
          25.043541
        ]
      }
    },
    {
      "type": "Feature",
      "properties": {
        "name": "錦棧商旅",
        "address": "臺北市中山區林森北路413號2樓7樓7樓之14及錦州街46號7樓48號7樓46號13樓48號13樓",
        "phone": "02-77012121",
        "button_price": 14800,
        "higher_price": 29800,
        "room": 92,
        "area": "臺北市"
      },
      "geometry": {
        "type": "Point",
        "coordinates": [
          121.525713,
          25.059774
        ]
      }
    },
    {
      "type": "Feature",
      "properties": {
        "name": "東旅",
        "address": "臺北市松山區南京東路五段97號地下1樓1樓夾層1至10樓",
        "phone": "02-27663889",
        "button_price": 5800,
        "higher_price": 6900,
        "room": 35,
        "area": "臺北市"
      },
      "geometry": {
        "type": "Point",
        "coordinates": [
          121.560288,
          25.051697
        ]
      }
    },
    {
      "type": "Feature",
      "properties": {
        "name": "樂山水靜旅館 OrigInn",
        "address": "臺北市大同區南京西路247號",
        "phone": "02-25588843",
        "button_price": 8880,
        "higher_price": 8880,
        "room": 5,
        "area": "臺北市"
      },
      "geometry": {
        "type": "Point",
        "coordinates": [
          121.510165,
          25.053533
        ]
      }
    },
    {
      "type": "Feature",
      "properties": {
        "name": "洛碁大飯店南港館",
        "address": "臺北市南港區忠孝東路七段526號1之14樓528號2之14樓",
        "phone": "02-27893009",
        "button_price": 3000,
        "higher_price": 30000,
        "room": 120,
        "area": "臺北市"
      },
      "geometry": {
        "type": "Point",
        "coordinates": [
          121.611284,
          25.052387
        ]
      }
    },
    {
      "type": "Feature",
      "properties": {
        "name": "快意旅店",
        "address": "臺北市大安區市民大道四段168號168號2樓至10樓170號172號176號178號",
        "phone": "02-27711188",
        "button_price": 8000,
        "higher_price": 15000,
        "room": 39,
        "area": "臺北市"
      },
      "geometry": {
        "type": "Point",
        "coordinates": [
          121.553127,
          25.044084
        ]
      }
    },
    {
      "type": "Feature",
      "properties": {
        "name": "陽光士林珮柏旅館",
        "address": "臺北市士林區福德路48巷681012號1至7樓",
        "phone": "02-28817588",
        "button_price": 6000,
        "higher_price": 9500,
        "room": 56,
        "area": "臺北市"
      },
      "geometry": {
        "type": "Point",
        "coordinates": [
          121.523107,
          25.092586
        ]
      }
    },
    {
      "type": "Feature",
      "properties": {
        "name": "侘侘行旅",
        "address": "臺北市中正區公園路13號8樓9樓",
        "phone": "02-89782345",
        "button_price": 15000,
        "higher_price": 15000,
        "room": 49,
        "area": "臺北市"
      },
      "geometry": {
        "type": "Point",
        "coordinates": [
          121.517403,
          25.04549
        ]
      }
    },
    {
      "type": "Feature",
      "properties": {
        "name": "愛玩客旅店",
        "address": "臺北市萬華區西寧南路30號12樓",
        "phone": "02-23316008",
        "button_price": 500,
        "higher_price": 2000,
        "room": 1,
        "area": "臺北市"
      },
      "geometry": {
        "type": "Point",
        "coordinates": [
          121.506732,
          25.04589
        ]
      }
    },
    {
      "type": "Feature",
      "properties": {
        "name": "柯達大飯店 台北長安",
        "address": "臺北市中山區松江路61之1號1樓4樓至11樓",
        "phone": "02-25169999",
        "button_price": 1000,
        "higher_price": 30000,
        "room": 103,
        "area": "臺北市"
      },
      "geometry": {
        "type": "Point",
        "coordinates": [
          121.533174,
          25.048651
        ]
      }
    },
    {
      "type": "Feature",
      "properties": {
        "name": "尚美精旅",
        "address": "臺北市中山區民生西路16號4樓",
        "phone": "02-25230188",
        "button_price": 15000,
        "higher_price": 22000,
        "room": 14,
        "area": "臺北市"
      },
      "geometry": {
        "type": "Point",
        "coordinates": [
          121.522071,
          25.057687
        ]
      }
    },
    {
      "type": "Feature",
      "properties": {
        "name": "慕誠行旅",
        "address": "臺北市信義區基隆路二段48號1樓至3樓",
        "phone": "02-27252168",
        "button_price": 100,
        "higher_price": 50000,
        "room": 33,
        "area": "臺北市"
      },
      "geometry": {
        "type": "Point",
        "coordinates": [
          121.558466,
          25.031507
        ]
      }
    },
    {
      "type": "Feature",
      "properties": {
        "name": "町記憶旅店2館",
        "address": "臺北市萬華區昆明街113號2之4樓115號1之4樓",
        "phone": "02-23709830",
        "button_price": 16800,
        "higher_price": 38800,
        "room": 27,
        "area": "臺北市"
      },
      "geometry": {
        "type": "Point",
        "coordinates": [
          121.504709,
          25.042019
        ]
      }
    },
    {
      "type": "Feature",
      "properties": {
        "name": "旅晨行旅",
        "address": "臺北市中正區重慶南路一段1號2樓",
        "phone": "02-23116388",
        "button_price": 1300,
        "higher_price": 7200,
        "room": 23,
        "area": "臺北市"
      },
      "geometry": {
        "type": "Point",
        "coordinates": [
          121.513383,
          25.046793
        ]
      }
    },
    {
      "type": "Feature",
      "properties": {
        "name": "世民酒店台北北門",
        "address": "臺北市中正區中華路一段3號",
        "phone": "07-10161061",
        "button_price": 6000,
        "higher_price": 20000,
        "room": 267,
        "area": "臺北市"
      },
      "geometry": {
        "type": "Point",
        "coordinates": [
          121.510583,
          25.04736
        ]
      }
    },
    {
      "type": "Feature",
      "properties": {
        "name": "皇家玫瑰旅館 雙城館",
        "address": "臺北市中山區雙城街28巷8號8號2樓至4樓8之1號",
        "phone": "02-25958077",
        "button_price": 3000,
        "higher_price": 17000,
        "room": 17,
        "area": "臺北市"
      },
      "geometry": {
        "type": "Point",
        "coordinates": [
          121.523705,
          25.065778
        ]
      }
    },
    {
      "type": "Feature",
      "properties": {
        "name": "瑞桑德旅店 北車館",
        "address": "臺北市中正區重慶南路一段1號5樓",
        "phone": "02-23710811",
        "button_price": 12800,
        "higher_price": 16800,
        "room": 14,
        "area": "臺北市"
      },
      "geometry": {
        "type": "Point",
        "coordinates": [
          121.513383,
          25.046793
        ]
      }
    },
    {
      "type": "Feature",
      "properties": {
        "name": "亞太飯店 北投館",
        "address": "臺北市北投區幽雅路31號",
        "phone": "02-28983088",
        "button_price": 10000,
        "higher_price": 38390,
        "room": 140,
        "area": "臺北市"
      },
      "geometry": {
        "type": "Point",
        "coordinates": [
          121.514795,
          25.137146
        ]
      }
    },
    {
      "type": "Feature",
      "properties": {
        "name": "旅樂序精品旅館五館",
        "address": "臺北市中正區重慶南路一段20號B1樓至10樓",
        "phone": "02-23756777",
        "button_price": 5200,
        "higher_price": 6400,
        "room": 57,
        "area": "臺北市"
      },
      "geometry": {
        "type": "Point",
        "coordinates": [
          121.513132,
          25.046111
        ]
      }
    },
    {
      "type": "Feature",
      "properties": {
        "name": "凱達大飯店",
        "address": "臺北市萬華區艋舺大道167號",
        "phone": "02-23066777",
        "button_price": 9800,
        "higher_price": 68800,
        "room": 745,
        "area": "臺北市"
      },
      "geometry": {
        "type": "Point",
        "coordinates": [
          121.499843,
          25.033306
        ]
      }
    },
    {
      "type": "Feature",
      "properties": {
        "name": "台北臥客旅店",
        "address": "臺北市大同區甘谷街26號7樓",
        "phone": "02-25557177",
        "button_price": 3000,
        "higher_price": 3000,
        "room": 13,
        "area": "臺北市"
      },
      "geometry": {
        "type": "Point",
        "coordinates": [
          121.510876,
          25.052772
        ]
      }
    },
    {
      "type": "Feature",
      "properties": {
        "name": "台灣柒天精品旅店",
        "address": "臺北市萬華區環河南路二段282號1至4樓",
        "phone": "02-23085222",
        "button_price": 2000,
        "higher_price": 3000,
        "room": 36,
        "area": "臺北市"
      },
      "geometry": {
        "type": "Point",
        "coordinates": [
          121.491018,
          25.032112
        ]
      }
    },
    {
      "type": "Feature",
      "properties": {
        "name": "謙商旅(谷墨商旅-師大館)",
        "address": "臺北市大安區和平東路一段145號2至4樓147號5至6樓6樓之16樓之2",
        "phone": "02-23955535",
        "button_price": 15880,
        "higher_price": 20880,
        "room": 92,
        "area": "臺北市"
      },
      "geometry": {
        "type": "Point",
        "coordinates": [
          121.530666,
          25.026619
        ]
      }
    },
    {
      "type": "Feature",
      "properties": {
        "name": "台北這地方微旅店",
        "address": "臺北市中山區吉林路294號",
        "phone": "02-25637522",
        "button_price": 1500,
        "higher_price": 6000,
        "room": 3,
        "area": "臺北市"
      },
      "geometry": {
        "type": "Point",
        "coordinates": [
          121.53015,
          25.061142
        ]
      }
    },
    {
      "type": "Feature",
      "properties": {
        "name": "阿樹國際旅店",
        "address": "臺北市松山區八德路三段76號1樓4樓至14樓",
        "phone": "02-25787728",
        "button_price": 10400,
        "higher_price": 36000,
        "room": 141,
        "area": "臺北市"
      },
      "geometry": {
        "type": "Point",
        "coordinates": [
          121.552732,
          25.048061
        ]
      }
    },
    {
      "type": "Feature",
      "properties": {
        "name": "文舺行旅",
        "address": "臺北市萬華區西園路一段139號1之4樓",
        "phone": "02-23064990",
        "button_price": 2600,
        "higher_price": 4800,
        "room": 9,
        "area": "臺北市"
      },
      "geometry": {
        "type": "Point",
        "coordinates": [
          121.499684,
          25.037592
        ]
      }
    },
    {
      "type": "Feature",
      "properties": {
        "name": "儷客旅店-站前店",
        "address": "臺北市中正區忠孝西路一段72號5樓及5樓之1",
        "phone": "02-23118081",
        "button_price": 3000,
        "higher_price": 21000,
        "room": 30,
        "area": "臺北市"
      },
      "geometry": {
        "type": "Point",
        "coordinates": [
          121.514062,
          25.046827
        ]
      }
    },
    {
      "type": "Feature",
      "properties": {
        "name": "富裕自由旅店林森館",
        "address": "臺北市中山區林森北路85巷23號1至2樓",
        "phone": "02-25671333",
        "button_price": 10000,
        "higher_price": 15000,
        "room": 11,
        "area": "臺北市"
      },
      "geometry": {
        "type": "Point",
        "coordinates": [
          121.525762,
          25.049696
        ]
      }
    },
    {
      "type": "Feature",
      "properties": {
        "name": "南陽街壹號旅店",
        "address": "臺北市中正區南陽街1號3樓至4樓",
        "phone": "02-23888377",
        "button_price": 3000,
        "higher_price": 4800,
        "room": 79,
        "area": "臺北市"
      },
      "geometry": {
        "type": "Point",
        "coordinates": [
          121.516229,
          25.045715
        ]
      }
    },
    {
      "type": "Feature",
      "properties": {
        "name": "漫映旅舍",
        "address": "臺北市中山區吉林路32號1之5樓",
        "phone": "02-25222111",
        "button_price": 1500,
        "higher_price": 20000,
        "room": 14,
        "area": "臺北市"
      },
      "geometry": {
        "type": "Point",
        "coordinates": [
          121.529957,
          25.05159
        ]
      }
    },
    {
      "type": "Feature",
      "properties": {
        "name": "和昌商務旅館台北西門館",
        "address": "臺北市萬華區桂林路24號1之5樓",
        "phone": "02-23088828",
        "button_price": 3500,
        "higher_price": 4800,
        "room": 16,
        "area": "臺北市"
      },
      "geometry": {
        "type": "Point",
        "coordinates": [
          121.5055,
          25.0376
        ]
      }
    },
    {
      "type": "Feature",
      "properties": {
        "name": "合星旅館",
        "address": "臺北市大安區忠孝東路四段147巷5號3樓",
        "phone": "02-27218225",
        "button_price": 1000,
        "higher_price": 5000,
        "room": 18,
        "area": "臺北市"
      },
      "geometry": {
        "type": "Point",
        "coordinates": [
          121.54974,
          25.042045
        ]
      }
    },
    {
      "type": "Feature",
      "properties": {
        "name": "好駐旅館",
        "address": "臺北市中山區新生北路一段106號6樓7樓7樓之1之9",
        "phone": "02-25213131",
        "button_price": 4360,
        "higher_price": 7360,
        "room": 29,
        "area": "臺北市"
      },
      "geometry": {
        "type": "Point",
        "coordinates": [
          121.52834,
          25.049436
        ]
      }
    },
    {
      "type": "Feature",
      "properties": {
        "name": "智慧環境會館-菁山遊憩區",
        "address": "臺北市士林區菁山路101巷71弄16號",
        "phone": "02-28625116",
        "button_price": 3500,
        "higher_price": 10000,
        "room": 17,
        "area": "臺北市"
      },
      "geometry": {
        "type": "Point",
        "coordinates": [
          121.559282,
          25.153479
        ]
      }
    },
    {
      "type": "Feature",
      "properties": {
        "name": "城市商旅 北門館",
        "address": "臺北市大同區長安西路265號1至6樓及267號1至6樓",
        "phone": "02-25525777",
        "button_price": 9000,
        "higher_price": 12000,
        "room": 65,
        "area": "臺北市"
      },
      "geometry": {
        "type": "Point",
        "coordinates": [
          121.510818,
          25.052123
        ]
      }
    },
    {
      "type": "Feature",
      "properties": {
        "name": "慶爾喜旅館長沙一館",
        "address": "臺北市萬華區長沙街二段11號2樓",
        "phone": "02-77309920",
        "button_price": 2200,
        "higher_price": 3000,
        "room": 15,
        "area": "臺北市"
      },
      "geometry": {
        "type": "Point",
        "coordinates": [
          121.506936,
          25.040707
        ]
      }
    },
    {
      "type": "Feature",
      "properties": {
        "name": "慶爾喜旅館長沙二館",
        "address": "臺北市萬華區長沙街二段11號3樓之1",
        "phone": "02-77309920",
        "button_price": 10000,
        "higher_price": 10000,
        "room": 6,
        "area": "臺北市"
      },
      "geometry": {
        "type": "Point",
        "coordinates": [
          121.506936,
          25.040707
        ]
      }
    },
    {
      "type": "Feature",
      "properties": {
        "name": "泊居旅店二館 ",
        "address": "臺北市中山區林森北路96號3樓3樓之1",
        "phone": "02-25417766",
        "button_price": 1500,
        "higher_price": 3900,
        "room": 14,
        "area": "臺北市"
      },
      "geometry": {
        "type": "Point",
        "coordinates": [
          121.524665,
          25.049918
        ]
      }
    },
    {
      "type": "Feature",
      "properties": {
        "name": "睡覺盒子旅館",
        "address": "臺北市中正區衡陽路34號1樓及36號地下之1地下之2",
        "phone": "02-55713713",
        "button_price": 1300,
        "higher_price": 6000,
        "room": 41,
        "area": "臺北市"
      },
      "geometry": {
        "type": "Point",
        "coordinates": [
          121.512561,
          25.0422
        ]
      }
    },
    {
      "type": "Feature",
      "properties": {
        "name": "台北五號商旅",
        "address": "臺北市中正區延平南路160之5號",
        "phone": "02-23883067",
        "button_price": 12000,
        "higher_price": 12000,
        "room": 6,
        "area": "臺北市"
      },
      "geometry": {
        "type": "Point",
        "coordinates": [
          121.508268,
          25.037845
        ]
      }
    },
    {
      "type": "Feature",
      "properties": {
        "name": "謙匯普樂室行旅",
        "address": "臺北市信義區信義路五段109號地下1樓",
        "phone": "02-87864188",
        "button_price": 580,
        "higher_price": 9900,
        "room": 40,
        "area": "臺北市"
      },
      "geometry": {
        "type": "Point",
        "coordinates": [
          121.573123,
          25.03329
        ]
      }
    },
    {
      "type": "Feature",
      "properties": {
        "name": "木文陶喜時尚旅館",
        "address": "臺北市信義區基隆路一段155號2樓之22樓之3",
        "phone": "02-27494698",
        "button_price": 6800,
        "higher_price": 12800,
        "room": 15,
        "area": "臺北市"
      },
      "geometry": {
        "type": "Point",
        "coordinates": [
          121.565336,
          25.042216
        ]
      }
    },
    {
      "type": "Feature",
      "properties": {
        "name": "吉泰旅店",
        "address": "臺北市士林區大東路93號1至4樓",
        "phone": "02-28822278",
        "button_price": 6000,
        "higher_price": 6000,
        "room": 19,
        "area": "臺北市"
      },
      "geometry": {
        "type": "Point",
        "coordinates": [
          121.525606,
          25.091065
        ]
      }
    },
    {
      "type": "Feature",
      "properties": {
        "name": "米窩飯店-大安",
        "address": "臺北市大安區忠孝東路四段107號7樓7樓之2",
        "phone": "02-27520006",
        "button_price": 2000,
        "higher_price": 18000,
        "room": 20,
        "area": "臺北市"
      },
      "geometry": {
        "type": "Point",
        "coordinates": [
          121.548289,
          25.041747
        ]
      }
    },
    {
      "type": "Feature",
      "properties": {
        "name": "台北宿之酒店．臻品之選",
        "address": "臺北市萬華區環河南路一段51號2至14樓",
        "phone": "02-23755511",
        "button_price": 30000,
        "higher_price": 80000,
        "room": 87,
        "area": "臺北市"
      },
      "geometry": {
        "type": "Point",
        "coordinates": [
          121.502572,
          25.045539
        ]
      }
    },
    {
      "type": "Feature",
      "properties": {
        "name": "美寓旅店",
        "address": "臺北市松山區八德路三段2號14樓",
        "phone": "02-25775170",
        "button_price": 4000,
        "higher_price": 15000,
        "room": 34,
        "area": "臺北市"
      },
      "geometry": {
        "type": "Point",
        "coordinates": [
          121.549295,
          25.04786
        ]
      }
    },
    {
      "type": "Feature",
      "properties": {
        "name": "福爾摩莎北驛旅館",
        "address": "臺北市中正區漢口街一段45號24樓及47號2樓",
        "phone": "02-23816089",
        "button_price": 2000,
        "higher_price": 15000,
        "room": 41,
        "area": "臺北市"
      },
      "geometry": {
        "type": "Point",
        "coordinates": [
          121.512587,
          25.045241
        ]
      }
    },
    {
      "type": "Feature",
      "properties": {
        "name": "果芒驛站旅店",
        "address": "臺北市中正區忠孝西路一段50號23樓之18",
        "phone": "02-23706808",
        "button_price": 3000,
        "higher_price": 6000,
        "room": 2,
        "area": "臺北市"
      },
      "geometry": {
        "type": "Point",
        "coordinates": [
          121.515823,
          25.046303
        ]
      }
    },
    {
      "type": "Feature",
      "properties": {
        "name": "台北士林萬麗酒店",
        "address": "臺北市士林區中山北路五段470巷8號",
        "phone": "02-88612389",
        "button_price": 6000,
        "higher_price": 180000,
        "room": 104,
        "area": "臺北市"
      },
      "geometry": {
        "type": "Point",
        "coordinates": [
          121.529205,
          25.093169
        ]
      }
    },
    {
      "type": "Feature",
      "properties": {
        "name": "天成文旅 華山町",
        "address": "臺北市中正區忠孝東路二段79號",
        "phone": "02-23515188",
        "button_price": 6000,
        "higher_price": 9500,
        "room": 72,
        "area": "臺北市"
      },
      "geometry": {
        "type": "Point",
        "coordinates": [
          121.530254,
          25.043284
        ]
      }
    },
    {
      "type": "Feature",
      "properties": {
        "name": "城鄉旅坊台北",
        "address": "臺北市中山區松江路95之1號4樓",
        "phone": "02-25029955",
        "button_price": 3880,
        "higher_price": 9880,
        "room": 11,
        "area": "臺北市"
      },
      "geometry": {
        "type": "Point",
        "coordinates": [
          121.533212,
          25.050913
        ]
      }
    },
    {
      "type": "Feature",
      "properties": {
        "name": "宜家居商旅",
        "address": "臺北市北投區中和街40號3樓及3樓之1",
        "phone": "02-28910502",
        "button_price": 4900,
        "higher_price": 4900,
        "room": 39,
        "area": "臺北市"
      },
      "geometry": {
        "type": "Point",
        "coordinates": [
          121.5027,
          25.138204
        ]
      }
    },
    {
      "type": "Feature",
      "properties": {
        "name": "陽明山美國渡假村",
        "address": "臺北市士林區凱旋路69號71號及61巷2弄6至10號",
        "phone": "02-28623232",
        "button_price": 2880,
        "higher_price": 7980,
        "room": 28,
        "area": "臺北市"
      },
      "geometry": {
        "type": "Point",
        "coordinates": [
          121.540831,
          25.135846
        ]
      }
    },
    {
      "type": "Feature",
      "properties": {
        "name": "五月家青旅 北車館",
        "address": "臺北市中正區忠孝西路一段122號6樓",
        "phone": "02-23822929",
        "button_price": 600,
        "higher_price": 4000,
        "room": 5,
        "area": "臺北市"
      },
      "geometry": {
        "type": "Point",
        "coordinates": [
          121.510988,
          25.047371
        ]
      }
    },
    {
      "type": "Feature",
      "properties": {
        "name": "懷特豪斯青年旅舍",
        "address": "臺北市松山區南京東路五段123巷1號1至4樓1之1號2至4樓1之2號2至4樓",
        "phone": "02-37656578",
        "button_price": 7500,
        "higher_price": 26000,
        "room": 38,
        "area": "臺北市"
      },
      "geometry": {
        "type": "Point",
        "coordinates": [
          121.560677,
          25.051898
        ]
      }
    },
    {
      "type": "Feature",
      "properties": {
        "name": "沃客汽車旅館",
        "address": "臺北市北投區承德路七段236號",
        "phone": "02-28226666",
        "button_price": 22999,
        "higher_price": 22999,
        "room": 63,
        "area": "臺北市"
      },
      "geometry": {
        "type": "Point",
        "coordinates": [
          121.506333,
          25.115614
        ]
      }
    },
    {
      "type": "Feature",
      "properties": {
        "name": "拉開門輕旅",
        "address": "臺北市中正區紹興北街8號4樓之1至4樓之3",
        "phone": "02-66044400、 0909-009294",
        "button_price": 700,
        "higher_price": 3000,
        "room": 6,
        "area": "臺北市"
      },
      "geometry": {
        "type": "Point",
        "coordinates": [
          121.525268,
          25.04522
        ]
      }
    },
    {
      "type": "Feature",
      "properties": {
        "name": "正是旅館",
        "address": "臺北市信義區基隆路一段182號1樓至7樓",
        "phone": "02-23718230",
        "button_price": 25000,
        "higher_price": 25000,
        "room": 18,
        "area": "臺北市"
      },
      "geometry": {
        "type": "Point",
        "coordinates": [
          121.564854,
          25.042207
        ]
      }
    },
    {
      "type": "Feature",
      "properties": {
        "name": "九昱晴美 ",
        "address": "臺北市中山區林森北路568號2至13樓3樓之12356至12樓之1235613樓之1",
        "phone": "02-66080807",
        "button_price": 10800,
        "higher_price": 21800,
        "room": 62,
        "area": "臺北市"
      },
      "geometry": {
        "type": "Point",
        "coordinates": [
          121.525555,
          25.064726
        ]
      }
    },
    {
      "type": "Feature",
      "properties": {
        "name": "皇家玫瑰旅館新生館",
        "address": "臺北市大安區新生南路一段103巷37號",
        "phone": "02-27522077",
        "button_price": 3000,
        "higher_price": 19000,
        "room": 21,
        "area": "臺北市"
      },
      "geometry": {
        "type": "Point",
        "coordinates": [
          121.53595,
          25.040742
        ]
      }
    },
    {
      "type": "Feature",
      "properties": {
        "name": "門埕青旅",
        "address": "臺北市大同區鄭州路21巷10號",
        "phone": "02-25585676",
        "button_price": 12600,
        "higher_price": 12600,
        "room": 2,
        "area": "臺北市"
      },
      "geometry": {
        "type": "Point",
        "coordinates": [
          121.514532,
          25.049619
        ]
      }
    },
    {
      "type": "Feature",
      "properties": {
        "name": "漫步1948",
        "address": "臺北市大同區太原路404244號",
        "phone": "02-25588812",
        "button_price": 20000,
        "higher_price": 25000,
        "room": 24,
        "area": "臺北市"
      },
      "geometry": {
        "type": "Point",
        "coordinates": [
          121.516895,
          25.056971
        ]
      }
    },
    {
      "type": "Feature",
      "properties": {
        "name": "台北國泰萬怡酒店 ",
        "address": "臺北市中山區民生東路三段6號地下1樓1214至20樓",
        "phone": "02-77503377",
        "button_price": 15000,
        "higher_price": 100000,
        "room": 227,
        "area": "臺北市"
      },
      "geometry": {
        "type": "Point",
        "coordinates": [
          121.537761,
          25.05768
        ]
      }
    },
    {
      "type": "Feature",
      "properties": {
        "name": "凱旋酒店",
        "address": "臺北市內湖區江南街55號3樓9樓",
        "phone": "02-87527888",
        "button_price": 8800,
        "higher_price": 38800,
        "room": 88,
        "area": "臺北市"
      },
      "geometry": {
        "type": "Point",
        "coordinates": [
          121.577939,
          25.077572
        ]
      }
    },
    {
      "type": "Feature",
      "properties": {
        "name": "天閣酒店台北劍潭",
        "address": "臺北市士林區基河路16之6號1樓至12樓",
        "phone": "02-28862999",
        "button_price": 10500,
        "higher_price": 30000,
        "room": 72,
        "area": "臺北市"
      },
      "geometry": {
        "type": "Point",
        "coordinates": [
          121.524184,
          25.082619
        ]
      }
    },
    {
      "type": "Feature",
      "properties": {
        "name": "台北中山九昱希爾頓逸林酒店",
        "address": "臺北市中山區中山北路一段121巷1之1號121巷1號1樓至14樓",
        "phone": "02-66199999",
        "button_price": 12000,
        "higher_price": 18000,
        "room": 105,
        "area": "臺北市"
      },
      "geometry": {
        "type": "Point",
        "coordinates": [
          121.522548,
          25.051435
        ]
      }
    },
    {
      "type": "Feature",
      "properties": {
        "name": "艾爾行旅",
        "address": "臺北市大安區忠孝東路四段87號7樓7樓之27樓之37樓之4及7樓之8",
        "phone": "02-27418080",
        "button_price": 4800,
        "higher_price": 26000,
        "room": 40,
        "area": "臺北市"
      },
      "geometry": {
        "type": "Point",
        "coordinates": [
          121.547624,
          25.041758
        ]
      }
    },
    {
      "type": "Feature",
      "properties": {
        "name": "美侖商旅",
        "address": "臺北市中山區吉林路49號1至8樓",
        "phone": "02-25313535",
        "button_price": 16000,
        "higher_price": 18000,
        "room": 70,
        "area": "臺北市"
      },
      "geometry": {
        "type": "Point",
        "coordinates": [
          121.530258,
          25.053138
        ]
      }
    },
    {
      "type": "Feature",
      "properties": {
        "name": "雅璞文旅",
        "address": "臺北市中正區黎明里10鄰館前路8號5樓及8樓",
        "phone": "02-23709966",
        "button_price": 12800,
        "higher_price": 16800,
        "room": 64,
        "area": "臺北市"
      },
      "geometry": {
        "type": "Point",
        "coordinates": [
          121.514895,
          25.045814
        ]
      }
    },
    {
      "type": "Feature",
      "properties": {
        "name": "109 Hostel Taipei 台北109青旅",
        "address": "臺北市中正區博愛路36號3樓",
        "phone": "0905-972109",
        "button_price": 3500,
        "higher_price": 30000,
        "room": 6,
        "area": "臺北市"
      },
      "geometry": {
        "type": "Point",
        "coordinates": [
          121.511201,
          25.046135
        ]
      }
    },
    {
      "type": "Feature",
      "properties": {
        "name": "幸福蘋果旅店",
        "address": "臺北市萬華區峨眉街109109之2號",
        "phone": "02-23117877",
        "button_price": 4000,
        "higher_price": 8000,
        "room": 49,
        "area": "臺北市"
      },
      "geometry": {
        "type": "Point",
        "coordinates": [
          121.501739,
          25.044836
        ]
      }
    },
    {
      "type": "Feature",
      "properties": {
        "name": "松河璞旅",
        "address": "臺北市松山區松河街112號1樓至8樓",
        "phone": "02-25281567",
        "button_price": 2600,
        "higher_price": 13000,
        "room": 42,
        "area": "臺北市"
      },
      "geometry": {
        "type": "Point",
        "coordinates": [
          121.575104,
          25.050982
        ]
      }
    },
    {
      "type": "Feature",
      "properties": {
        "name": "金普頓大安酒店",
        "address": "臺北市大安區仁愛路四段27巷23號3樓至11樓25號25號3樓至11樓27號2樓至14樓",
        "phone": "02-27792000",
        "button_price": 16000,
        "higher_price": 30000,
        "room": 129,
        "area": "臺北市"
      },
      "geometry": {
        "type": "Point",
        "coordinates": [
          121.54535,
          25.04033
        ]
      }
    },
    {
      "type": "Feature",
      "properties": {
        "name": "碩城文旅",
        "address": "臺北市中山區中山北路一段105巷12之6號2至8樓",
        "phone": "02-21001023",
        "button_price": 1280,
        "higher_price": 9800,
        "room": 32,
        "area": "臺北市"
      },
      "geometry": {
        "type": "Point",
        "coordinates": [
          121.523905,
          25.050523
        ]
      }
    },
    {
      "type": "Feature",
      "properties": {
        "name": "南港老爺行旅",
        "address": "臺北市南港區經貿二路196號196號10樓至20樓",
        "phone": "02-77500588",
        "button_price": 4500,
        "higher_price": 19800,
        "room": 179,
        "area": "臺北市"
      },
      "geometry": {
        "type": "Point",
        "coordinates": [
          121.614926,
          25.059892
        ]
      }
    },
    {
      "type": "Feature",
      "properties": {
        "name": "玩行旅 台北館",
        "address": "臺北市中正區金山南路一段8號1樓至8樓",
        "phone": "02-23212680",
        "button_price": 12880,
        "higher_price": 13880,
        "room": 49,
        "area": "臺北市"
      },
      "geometry": {
        "type": "Point",
        "coordinates": [
          121.529391,
          25.042279
        ]
      }
    },
    {
      "type": "Feature",
      "properties": {
        "name": "野趣旅舍 T.O.HOTEL",
        "address": "臺北市大同區承德路二段28號1至5樓",
        "phone": "02-25521300",
        "button_price": 2680,
        "higher_price": 9800,
        "room": 16,
        "area": "臺北市"
      },
      "geometry": {
        "type": "Point",
        "coordinates": [
          121.517965,
          25.05572
        ]
      }
    },
    {
      "type": "Feature",
      "properties": {
        "name": "門草行旅",
        "address": "臺北市大同區安西街23號1至4樓",
        "phone": "02-25577045",
        "button_price": 8800,
        "higher_price": 8800,
        "room": 4,
        "area": "臺北市"
      },
      "geometry": {
        "type": "Point",
        "coordinates": [
          121.510063,
          25.05987
        ]
      }
    },
    {
      "type": "Feature",
      "properties": {
        "name": "小角落旅店",
        "address": "臺北市大同區民族西路33號",
        "phone": "02-25991699",
        "button_price": 600,
        "higher_price": 48000,
        "room": 5,
        "area": "臺北市"
      },
      "geometry": {
        "type": "Point",
        "coordinates": [
          121.519503,
          25.068638
        ]
      }
    },
    {
      "type": "Feature",
      "properties": {
        "name": "丹居青旅",
        "address": "臺北市萬華區漢中街154號",
        "phone": "0977-066154",
        "button_price": 1500,
        "higher_price": 4000,
        "room": 11,
        "area": "臺北市"
      },
      "geometry": {
        "type": "Point",
        "coordinates": [
          121.506698,
          25.041311
        ]
      }
    },
    {
      "type": "Feature",
      "properties": {
        "name": "甲山林湯旅JSL hotel",
        "address": "臺北市中山區興安街565860號1樓62號1至9樓",
        "phone": "02-25012222",
        "button_price": 15000,
        "higher_price": 30000,
        "room": 157,
        "area": "臺北市"
      },
      "geometry": {
        "type": "Point",
        "coordinates": [
          121.543696,
          25.055862
        ]
      }
    },
    {
      "type": "Feature",
      "properties": {
        "name": "日光拾玖",
        "address": "臺北市中正區忠孝西路一段50號19樓19樓之1之2之5之17之27之29之31之43及19樓等共同使用",
        "phone": "02-23889998",
        "button_price": 16000,
        "higher_price": 16000,
        "room": 40,
        "area": "臺北市"
      },
      "geometry": {
        "type": "Point",
        "coordinates": [
          121.515823,
          25.046303
        ]
      }
    },
    {
      "type": "Feature",
      "properties": {
        "name": "洛碁三貝茲",
        "address": "臺北市松山區八德路四段16號1之7樓",
        "phone": "02-27630555",
        "button_price": 3000,
        "higher_price": 30000,
        "room": 54,
        "area": "臺北市"
      },
      "geometry": {
        "type": "Point",
        "coordinates": [
          121.558491,
          25.048152
        ]
      }
    },
    {
      "type": "Feature",
      "properties": {
        "name": "城市商旅站前館",
        "address": "臺北市大同區延平北路一段51號1至3樓及53號1樓",
        "phone": "02-25507000",
        "button_price": 13200,
        "higher_price": 19800,
        "room": 92,
        "area": "臺北市"
      },
      "geometry": {
        "type": "Point",
        "coordinates": [
          121.512073,
          25.050927
        ]
      }
    },
    {
      "type": "Feature",
      "properties": {
        "name": "華達大飯店 ",
        "address": "臺北市中正區重慶南路一段1號6樓",
        "phone": "02-23110212",
        "button_price": 2000,
        "higher_price": 4200,
        "room": 14,
        "area": "臺北市"
      },
      "geometry": {
        "type": "Point",
        "coordinates": [
          121.513383,
          25.046793
        ]
      }
    },
    {
      "type": "Feature",
      "properties": {
        "name": "豪城商旅民生館",
        "address": "臺北市松山區民生東路三段113巷7弄11號1樓至6樓",
        "phone": "02-27137078",
        "button_price": 3200,
        "higher_price": 4000,
        "room": 38,
        "area": "臺北市"
      },
      "geometry": {
        "type": "Point",
        "coordinates": [
          121.546919,
          25.058561
        ]
      }
    },
    {
      "type": "Feature",
      "properties": {
        "name": "天雲旅棧台北中山",
        "address": "臺北市中山區中山北路一段83巷77之1號至7之18號",
        "phone": "02-25216666",
        "button_price": 7000,
        "higher_price": 9800,
        "room": 56,
        "area": "臺北市"
      },
      "geometry": {
        "type": "Point",
        "coordinates": [
          121.524351,
          25.050024
        ]
      }
    },
    {
      "type": "Feature",
      "properties": {
        "name": "MVSA 慕舍酒店",
        "address": "臺北市中山區建國北路一段61號",
        "phone": "02-25006772",
        "button_price": 18800,
        "higher_price": 36800,
        "room": 38,
        "area": "臺北市"
      },
      "geometry": {
        "type": "Point",
        "coordinates": [
          121.537132,
          25.050671
        ]
      }
    },
    {
      "type": "Feature",
      "properties": {
        "name": "瀚寓酒店",
        "address": "臺北市信義區基隆路一段206號1至12樓",
        "phone": "02-87583777",
        "button_price": 16000,
        "higher_price": 60000,
        "room": 120,
        "area": "臺北市"
      },
      "geometry": {
        "type": "Point",
        "coordinates": [
          121.56334,
          25.039826
        ]
      }
    },
    {
      "type": "Feature",
      "properties": {
        "name": "台北大直英迪格酒店",
        "address": "臺北市中山區植福路200號",
        "phone": "02-35187777",
        "button_price": 5000,
        "higher_price": 309600,
        "room": 149,
        "area": "臺北市"
      },
      "geometry": {
        "type": "Point",
        "coordinates": [
          121.560077,
          25.083243
        ]
      }
    },
    {
      "type": "Feature",
      "properties": {
        "name": "配普特行旅",
        "address": "臺北市大同區鄭州路21巷4號",
        "phone": "02-25583669",
        "button_price": 5000,
        "higher_price": 12000,
        "room": 9,
        "area": "臺北市"
      },
      "geometry": {
        "type": "Point",
        "coordinates": [
          121.514483,
          25.049468
        ]
      }
    },
    {
      "type": "Feature",
      "properties": {
        "name": "町記憶旅店3館",
        "address": "臺北市萬華區昆明街142號23樓",
        "phone": "02-23709930",
        "button_price": 18800,
        "higher_price": 28800,
        "room": 44,
        "area": "臺北市"
      },
      "geometry": {
        "type": "Point",
        "coordinates": [
          121.504651,
          25.042565
        ]
      }
    },
    {
      "type": "Feature",
      "properties": {
        "name": "苓旅旅館中山館",
        "address": "臺北市中山區建國北路二段91號1樓93號1至7樓2樓之1至7樓之195巷2號1樓4號1樓",
        "phone": "02-25084588",
        "button_price": 3280,
        "higher_price": 15000,
        "room": 42,
        "area": "臺北市"
      },
      "geometry": {
        "type": "Point",
        "coordinates": [
          121.537599,
          25.061726
        ]
      }
    },
    {
      "type": "Feature",
      "properties": {
        "name": "和旅瓏旅館西門館",
        "address": "臺北市萬華區西寧南路105號2至5樓2樓之1至5樓之1",
        "phone": "02-23616569",
        "button_price": 3150,
        "higher_price": 26000,
        "room": 42,
        "area": "臺北市"
      },
      "geometry": {
        "type": "Point",
        "coordinates": [
          121.506721,
          25.045127
        ]
      }
    },
    {
      "type": "Feature",
      "properties": {
        "name": "野趣光延旅館",
        "address": "臺北市中正區開封街一段2號2樓",
        "phone": "02-23140202",
        "button_price": 1480,
        "higher_price": 6800,
        "room": 44,
        "area": "臺北市"
      },
      "geometry": {
        "type": "Point",
        "coordinates": [
          121.51439,
          25.045914
        ]
      }
    },
    {
      "type": "Feature",
      "properties": {
        "name": "藝築文旅開封館",
        "address": "臺北市萬華區開封街二段63號",
        "phone": "02-23312986",
        "button_price": 4280,
        "higher_price": 17800,
        "room": 12,
        "area": "臺北市"
      },
      "geometry": {
        "type": "Point",
        "coordinates": [
          121.505257,
          25.047063
        ]
      }
    },
    {
      "type": "Feature",
      "properties": {
        "name": "日好青旅",
        "address": "臺北市大同區甘谷街26號6樓",
        "phone": "02-25558667",
        "button_price": 3000,
        "higher_price": 6000,
        "room": 11,
        "area": "臺北市"
      },
      "geometry": {
        "type": "Point",
        "coordinates": [
          121.510876,
          25.052772
        ]
      }
    },
    {
      "type": "Feature",
      "properties": {
        "name": "盤古捷旅",
        "address": "臺北市中山區中山北路一段135巷39號",
        "phone": "02-25671001",
        "button_price": 4400,
        "higher_price": 8800,
        "room": 50,
        "area": "臺北市"
      },
      "geometry": {
        "type": "Point",
        "coordinates": [
          121.524798,
          25.051252
        ]
      }
    },
    {
      "type": "Feature",
      "properties": {
        "name": "天閣酒店台北士林",
        "address": "臺北市士林區基河路16之8號1樓至11樓",
        "phone": "02-28866888",
        "button_price": 20000,
        "higher_price": 20000,
        "room": 51,
        "area": "臺北市"
      },
      "geometry": {
        "type": "Point",
        "coordinates": [
          121.524223,
          25.082785
        ]
      }
    },
    {
      "type": "Feature",
      "properties": {
        "name": "大昌旺商旅",
        "address": "臺北市中山區天津街43號1至4樓",
        "phone": "02-21001118、 0908-609351",
        "button_price": 1000,
        "higher_price": 3000,
        "room": 21,
        "area": "臺北市"
      },
      "geometry": {
        "type": "Point",
        "coordinates": [
          121.523052,
          25.049989
        ]
      }
    },
    {
      "type": "Feature",
      "properties": {
        "name": "美亞商旅",
        "address": "臺北市中正區忠孝西路一段50號3樓至5樓及3樓之1至5樓之1",
        "phone": "02-23313001",
        "button_price": 12000,
        "higher_price": 24000,
        "room": 264,
        "area": "臺北市"
      },
      "geometry": {
        "type": "Point",
        "coordinates": [
          121.515823,
          25.046303
        ]
      }
    },
    {
      "type": "Feature",
      "properties": {
        "name": "和苑三井花園飯店  台北忠孝",
        "address": "臺北市大安區忠孝東路三段30號",
        "phone": "02-27811131",
        "button_price": 12500,
        "higher_price": 40000,
        "room": 297,
        "area": "臺北市"
      },
      "geometry": {
        "type": "Point",
        "coordinates": [
          121.534271,
          25.041891
        ]
      }
    },
    {
      "type": "Feature",
      "properties": {
        "name": "所在行旅",
        "address": "臺北市中正區忠孝西路一段50號24樓之6",
        "phone": "02-77552077",
        "button_price": 800,
        "higher_price": 12000,
        "room": 2,
        "area": "臺北市"
      },
      "geometry": {
        "type": "Point",
        "coordinates": [
          121.515823,
          25.046303
        ]
      }
    },
    {
      "type": "Feature",
      "properties": {
        "name": "旅家雅舍",
        "address": "臺北市中正區南昌路二段222號11樓",
        "phone": "0926-657353",
        "button_price": 8000,
        "higher_price": 16000,
        "room": 7,
        "area": "臺北市"
      },
      "geometry": {
        "type": "Point",
        "coordinates": [
          121.524501,
          25.02381
        ]
      }
    },
    {
      "type": "Feature",
      "properties": {
        "name": "路徒PLUS行旅-主題館",
        "address": "臺北市中正區忠孝西路一段80號5至12樓",
        "phone": "02-23311788",
        "button_price": 18880,
        "higher_price": 43880,
        "room": 109,
        "area": "臺北市"
      },
      "geometry": {
        "type": "Point",
        "coordinates": [
          121.513766,
          25.046866
        ]
      }
    },
    {
      "type": "Feature",
      "properties": {
        "name": "台北時代寓所",
        "address": "臺北市中正區林森南路7號1至14樓7之1號1樓",
        "phone": "02-77521888",
        "button_price": 15800,
        "higher_price": 20000,
        "room": 175,
        "area": "臺北市"
      },
      "geometry": {
        "type": "Point",
        "coordinates": [
          121.52336,
          25.044073
        ]
      }
    },
    {
      "type": "Feature",
      "properties": {
        "name": "白色空間設計旅店",
        "address": "臺北市中正區許昌街40號4樓4樓之14樓之2",
        "phone": "02-23822200",
        "button_price": 6800,
        "higher_price": 8800,
        "room": 13,
        "area": "臺北市"
      },
      "geometry": {
        "type": "Point",
        "coordinates": [
          121.515677,
          25.045437
        ]
      }
    },
    {
      "type": "Feature",
      "properties": {
        "name": "雀客旅館台北站前",
        "address": "臺北市中正區襄陽路4號",
        "phone": "02-23120522",
        "button_price": 10560,
        "higher_price": 22800,
        "room": 100,
        "area": "臺北市"
      },
      "geometry": {
        "type": "Point",
        "coordinates": [
          121.51387,
          25.043322
        ]
      }
    },
    {
      "type": "Feature",
      "properties": {
        "name": "玉璽精品飯店",
        "address": "臺北市士林區中山北路七段14巷2之3號2至10樓11樓",
        "phone": "02-28766579",
        "button_price": 4950,
        "higher_price": 6600,
        "room": 85,
        "area": "臺北市"
      },
      "geometry": {
        "type": "Point",
        "coordinates": [
          121.531307,
          25.11867
        ]
      }
    },
    {
      "type": "Feature",
      "properties": {
        "name": "大湖璞旅",
        "address": "臺北市內湖區成功路五段462號1樓3樓至14樓3樓之1至3樓之64樓之1至4樓之135樓之2至5樓之136樓之2至6樓之137樓之2至7樓之128樓之1至8樓之139樓之1至9樓之1310樓之",
        "phone": "02-26338555",
        "button_price": 5000,
        "higher_price": 30000,
        "room": 148,
        "area": "臺北市"
      },
      "geometry": {
        "type": "Point",
        "coordinates": [
          121.606388,
          25.073388
        ]
      }
    },
    {
      "type": "Feature",
      "properties": {
        "name": "瑞絲逸旅店",
        "address": "臺北市中山區林森北路96號2樓之1之2",
        "phone": "02-25641372",
        "button_price": 1580,
        "higher_price": 1580,
        "room": 9,
        "area": "臺北市"
      },
      "geometry": {
        "type": "Point",
        "coordinates": [
          121.524665,
          25.049918
        ]
      }
    },
    {
      "type": "Feature",
      "properties": {
        "name": "旅城驛鎮",
        "address": "臺北市中山區松江路95之1號6樓",
        "phone": "02-25081848",
        "button_price": 10000,
        "higher_price": 12000,
        "room": 10,
        "area": "臺北市"
      },
      "geometry": {
        "type": "Point",
        "coordinates": [
          121.533212,
          25.050913
        ]
      }
    },
    {
      "type": "Feature",
      "properties": {
        "name": "柯達大飯店台北林森",
        "address": "臺北市中山區林森北路74號76號",
        "phone": "02-25712222",
        "button_price": 1000,
        "higher_price": 15000,
        "room": 49,
        "area": "臺北市"
      },
      "geometry": {
        "type": "Point",
        "coordinates": [
          121.524565,
          25.049558
        ]
      }
    },
    {
      "type": "Feature",
      "properties": {
        "name": "森浩文旅-STEP INN",
        "address": "臺北市松山區饒河街131133號2至3樓",
        "phone": "02-27609090",
        "button_price": 6800,
        "higher_price": 12800,
        "room": 28,
        "area": "臺北市"
      },
      "geometry": {
        "type": "Point",
        "coordinates": [
          121.577509,
          25.050989
        ]
      }
    },
    {
      "type": "Feature",
      "properties": {
        "name": "趣西門旅店",
        "address": "臺北市萬華區武昌街二段72號7樓",
        "phone": "02-23618266",
        "button_price": 10000,
        "higher_price": 20000,
        "room": 27,
        "area": "臺北市"
      },
      "geometry": {
        "type": "Point",
        "coordinates": [
          121.5062,
          25.044813
        ]
      }
    },
    {
      "type": "Feature",
      "properties": {
        "name": "慶爾喜旅館",
        "address": "臺北市萬華區武昌街二段72號11樓",
        "phone": "02-77309920",
        "button_price": 25000,
        "higher_price": 25000,
        "room": 6,
        "area": "臺北市"
      },
      "geometry": {
        "type": "Point",
        "coordinates": [
          121.5062,
          25.044813
        ]
      }
    },
    {
      "type": "Feature",
      "properties": {
        "name": "悅心旅",
        "address": "臺北市大同區重慶北路一段61號1樓至3樓",
        "phone": "02-25591525",
        "button_price": 3800,
        "higher_price": 6800,
        "room": 14,
        "area": "臺北市"
      },
      "geometry": {
        "type": "Point",
        "coordinates": [
          121.514005,
          25.051255
        ]
      }
    },
    {
      "type": "Feature",
      "properties": {
        "name": "路徒PLUS行旅-站前館 ",
        "address": "臺北市中正區忠孝西路一段80號4樓24至35樓",
        "phone": "02-23886366",
        "button_price": 33888,
        "higher_price": 48888,
        "room": 127,
        "area": "臺北市"
      },
      "geometry": {
        "type": "Point",
        "coordinates": [
          121.513766,
          25.046866
        ]
      }
    },
    {
      "type": "Feature",
      "properties": {
        "name": "米窩飯店-西門",
        "address": "臺北市萬華區成都路101103號1之6樓",
        "phone": "02-23759951",
        "button_price": 20000,
        "higher_price": 20000,
        "room": 34,
        "area": "臺北市"
      },
      "geometry": {
        "type": "Point",
        "coordinates": [
          121.501005,
          25.044031
        ]
      }
    },
    {
      "type": "Feature",
      "properties": {
        "name": "藝築文旅台北站前館",
        "address": "臺北市中正區襄陽路8號3至11樓",
        "phone": "02-23820150",
        "button_price": 28800,
        "higher_price": 39800,
        "room": 90,
        "area": "臺北市"
      },
      "geometry": {
        "type": "Point",
        "coordinates": [
          121.513459,
          25.043333
        ]
      }
    },
    {
      "type": "Feature",
      "properties": {
        "name": "格拉斯麗台北飯店",
        "address": "臺北市中正區忠孝東路二段89號3至19樓",
        "phone": "02-23220111",
        "button_price": 13000,
        "higher_price": 13000,
        "room": 248,
        "area": "臺北市"
      },
      "geometry": {
        "type": "Point",
        "coordinates": [
          121.530672,
          25.043143
        ]
      }
    },
    {
      "type": "Feature",
      "properties": {
        "name": "見潭璞旅",
        "address": "臺北市士林區承德路四段250號",
        "phone": "02-28831777",
        "button_price": 12000,
        "higher_price": 20000,
        "room": 240,
        "area": "臺北市"
      },
      "geometry": {
        "type": "Point",
        "coordinates": [
          121.520382,
          25.089179
        ]
      }
    },
    {
      "type": "Feature",
      "properties": {
        "name": "時尚居商旅",
        "address": "臺北市中山區民生東路三段9巷1之1號2樓1之1號3樓1之1號4樓1之2號2樓1之2號3樓1之2號4樓1之3號2樓1之3號3樓1之3號4樓",
        "phone": "02-25090102",
        "button_price": 6000,
        "higher_price": 10000,
        "room": 8,
        "area": "臺北市"
      },
      "geometry": {
        "type": "Point",
        "coordinates": [
          121.537591,
          25.058271
        ]
      }
    },
    {
      "type": "Feature",
      "properties": {
        "name": "雅齊旅館",
        "address": "臺北市中正區重慶南路一段86號3樓3樓之14樓4樓之15樓及3樓4樓等共同使用5樓共同使用",
        "phone": "02-23709988",
        "button_price": 6800,
        "higher_price": 19880,
        "room": 93,
        "area": "臺北市"
      },
      "geometry": {
        "type": "Point",
        "coordinates": [
          121.513096,
          25.043075
        ]
      }
    },
    {
      "type": "Feature",
      "properties": {
        "name": "城市商旅德立莊二館",
        "address": "臺北市中正區衡陽路97號2樓97之1號2樓99號2樓101號2樓101號2樓之1103號2樓103號2樓之1105號2樓延平南路110號2之4樓",
        "phone": "02-23703258",
        "button_price": 14000,
        "higher_price": 16000,
        "room": 199,
        "area": "臺北市"
      },
      "geometry": {
        "type": "Point",
        "coordinates": [
          121.509369,
          25.042259
        ]
      }
    },
    {
      "type": "Feature",
      "properties": {
        "name": "日野苑",
        "address": "臺北市中正區重慶南路一段18號2樓至7樓",
        "phone": "02-23889998",
        "button_price": 8000,
        "higher_price": 9800,
        "room": 35,
        "area": "臺北市"
      },
      "geometry": {
        "type": "Point",
        "coordinates": [
          121.513132,
          25.046244
        ]
      }
    },
    {
      "type": "Feature",
      "properties": {
        "name": "寒居酒店 Humble Boutique Hotel",
        "address": "臺北市中山區松江路116號1樓至9樓",
        "phone": "02-66008000",
        "button_price": 15000,
        "higher_price": 38000,
        "room": 111,
        "area": "臺北市"
      },
      "geometry": {
        "type": "Point",
        "coordinates": [
          121.532788,
          25.051673
        ]
      }
    },
    {
      "type": "Feature",
      "properties": {
        "name": "星西門行旅",
        "address": "臺北市萬華區西寧南路36號9樓9樓之19樓之31至439樓之45至5110樓之1",
        "phone": "02-23313188",
        "button_price": 10000,
        "higher_price": 20000,
        "room": 54,
        "area": "臺北市"
      },
      "geometry": {
        "type": "Point",
        "coordinates": [
          121.50664,
          25.045591
        ]
      }
    },
    {
      "type": "Feature",
      "properties": {
        "name": "陸號行旅萬年館",
        "address": "臺北市萬華區西寧南路70號6樓",
        "phone": "02-23619069",
        "button_price": 1880,
        "higher_price": 5580,
        "room": 39,
        "area": "臺北市"
      },
      "geometry": {
        "type": "Point",
        "coordinates": [
          121.506047,
          25.043486
        ]
      }
    },
    {
      "type": "Feature",
      "properties": {
        "name": "台北捷運-北投會館(捷之旅)",
        "address": "臺北市北投區大業路527巷88號",
        "phone": "02-28930105",
        "button_price": 5500,
        "higher_price": 12000,
        "room": 42,
        "area": "臺北市"
      },
      "geometry": {
        "type": "Point",
        "coordinates": [
          121.48396,
          25.134929
        ]
      }
    },
    {
      "type": "Feature",
      "properties": {
        "name": "喜園旅館",
        "address": "臺北市萬華區中華路一段90號3樓3樓之13樓之2",
        "phone": "02-77309920",
        "button_price": 25000,
        "higher_price": 25000,
        "room": 35,
        "area": "臺北市"
      },
      "geometry": {
        "type": "Point",
        "coordinates": [
          121.508598,
          25.044699
        ]
      }
    },
    {
      "type": "Feature",
      "properties": {
        "name": "安捷國際公寓酒店",
        "address": "臺北市大同區市民大道一段201號15樓15樓之1至之3之5至之10",
        "phone": "02-25592900",
        "button_price": 9800,
        "higher_price": 15800,
        "room": 9,
        "area": "臺北市"
      },
      "geometry": {
        "type": "Point",
        "coordinates": [
          121.517532,
          25.04897
        ]
      }
    },
    {
      "type": "Feature",
      "properties": {
        "name": "城市商旅北門二館",
        "address": "臺北市大同區長安西路271號2樓至4樓275號1樓至4樓",
        "phone": "02-25525777",
        "button_price": 9000,
        "higher_price": 12000,
        "room": 19,
        "area": "臺北市"
      },
      "geometry": {
        "type": "Point",
        "coordinates": [
          121.510689,
          25.052135
        ]
      }
    },
    {
      "type": "Feature",
      "properties": {
        "name": "西門希爾商旅",
        "address": "臺北市萬華區峨眉街28號4樓之14樓之24樓之3",
        "phone": "02-23810081",
        "button_price": 600,
        "higher_price": 4800,
        "room": 15,
        "area": "臺北市"
      },
      "geometry": {
        "type": "Point",
        "coordinates": [
          121.506856,
          25.043438
        ]
      }
    },
    {
      "type": "Feature",
      "properties": {
        "name": "米窩飯店-站前",
        "address": "臺北市中正區忠孝西路一段50號7樓7樓之1之2之38樓",
        "phone": "02-23810028",
        "button_price": 8000,
        "higher_price": 13200,
        "room": 200,
        "area": "臺北市"
      },
      "geometry": {
        "type": "Point",
        "coordinates": [
          121.515823,
          25.046303
        ]
      }
    },
    {
      "type": "Feature",
      "properties": {
        "name": "雀客快捷台北永康",
        "address": "臺北市中正區信義路二段73號",
        "phone": "02-23212721",
        "button_price": 16500,
        "higher_price": 20000,
        "room": 43,
        "area": "臺北市"
      },
      "geometry": {
        "type": "Point",
        "coordinates": [
          121.526445,
          25.034642
        ]
      }
    },
    {
      "type": "Feature",
      "properties": {
        "name": "希爾商旅台北館",
        "address": "臺北市中山區南京東路二段11號4至5樓",
        "phone": "02-25678858",
        "button_price": 2000,
        "higher_price": 8000,
        "room": 32,
        "area": "臺北市"
      },
      "geometry": {
        "type": "Point",
        "coordinates": [
          121.528423,
          25.052336
        ]
      }
    },
    {
      "type": "Feature",
      "properties": {
        "name": "陸號行旅中華館",
        "address": "臺北市萬華區中華路一段90號9樓11樓",
        "phone": "02-23112522",
        "button_price": 12880,
        "higher_price": 20880,
        "room": 72,
        "area": "臺北市"
      },
      "geometry": {
        "type": "Point",
        "coordinates": [
          121.508598,
          25.044699
        ]
      }
    },
    {
      "type": "Feature",
      "properties": {
        "name": "苓旅旅館萬年館",
        "address": "臺北市萬華區西寧南路70號7樓",
        "phone": "02-23814188",
        "button_price": 1280,
        "higher_price": 11180,
        "room": 29,
        "area": "臺北市"
      },
      "geometry": {
        "type": "Point",
        "coordinates": [
          121.506047,
          25.043486
        ]
      }
    },
    {
      "type": "Feature",
      "properties": {
        "name": "葛瑞絲商旅敦北館 ",
        "address": "臺北市松山區敦化北路216號1樓至5樓",
        "phone": "02-27886682",
        "button_price": 4180,
        "higher_price": 14080,
        "room": 34,
        "area": "臺北市"
      },
      "geometry": {
        "type": "Point",
        "coordinates": [
          121.54879,
          25.05836
        ]
      }
    },
    {
      "type": "Feature",
      "properties": {
        "name": "珂曼旅館",
        "address": "臺北市萬華區西寧南路77號1之15樓2樓之1之15樓之13樓之2之14樓之212樓之3之13樓之312樓之5",
        "phone": "02-23886000",
        "button_price": 12000,
        "higher_price": 22000,
        "room": 61,
        "area": "臺北市"
      },
      "geometry": {
        "type": "Point",
        "coordinates": [
          121.506975,
          25.045988
        ]
      }
    },
    {
      "type": "Feature",
      "properties": {
        "name": "台北棧",
        "address": "臺北市中正區許昌街40號5樓5樓之15樓之26樓6樓之16樓之27樓7樓之17樓之27樓之3",
        "phone": "02-23313381",
        "button_price": 6000,
        "higher_price": 15000,
        "room": 34,
        "area": "臺北市"
      },
      "geometry": {
        "type": "Point",
        "coordinates": [
          121.515677,
          25.045437
        ]
      }
    },
    {
      "type": "Feature",
      "properties": {
        "name": "天母之星商務會館",
        "address": "臺北市北投區石牌路一段166巷46號2樓至7樓2樓之1至5樓之12樓之2至5樓之2",
        "phone": "02-28231896",
        "button_price": 6000,
        "higher_price": 12000,
        "room": 17,
        "area": "臺北市"
      },
      "geometry": {
        "type": "Point",
        "coordinates": [
          121.514044,
          25.113596
        ]
      }
    },
    {
      "type": "Feature",
      "properties": {
        "name": "慶爾喜旅館西門捷運館",
        "address": "臺北市萬華區中華路一段152號7樓11樓及成都路1號7樓11樓",
        "phone": "02-77309920",
        "button_price": 18000,
        "higher_price": 35000,
        "room": 21,
        "area": "臺北市"
      },
      "geometry": {
        "type": "Point",
        "coordinates": [
          121.508036,
          25.042717
        ]
      }
    },
    {
      "type": "Feature",
      "properties": {
        "name": "陸號行旅西門館",
        "address": "臺北市萬華區中華路一段152號5樓5樓之19樓10樓成都路1號9樓10樓",
        "phone": "02-23144003",
        "button_price": 12800,
        "higher_price": 14800,
        "room": 27,
        "area": "臺北市"
      },
      "geometry": {
        "type": "Point",
        "coordinates": [
          121.508036,
          25.042717
        ]
      }
    },
    {
      "type": "Feature",
      "properties": {
        "name": "立和商務旅館-漢口館",
        "address": "臺北市萬華區漢口街二段54號10樓",
        "phone": "02-23613350",
        "button_price": 20000,
        "higher_price": 40000,
        "room": 59,
        "area": "臺北市"
      },
      "geometry": {
        "type": "Point",
        "coordinates": [
          121.505939,
          25.045787
        ]
      }
    },
    {
      "type": "Feature",
      "properties": {
        "name": "摩莎曼拉商務旅館-西門館",
        "address": "臺北市萬華區漢口街二段54號8樓8樓之18樓之68樓之78樓之89樓9樓之1",
        "phone": "02-23613350",
        "button_price": 20000,
        "higher_price": 40000,
        "room": 88,
        "area": "臺北市"
      },
      "geometry": {
        "type": "Point",
        "coordinates": [
          121.505939,
          25.045787
        ]
      }
    },
    {
      "type": "Feature",
      "properties": {
        "name": "成都壹壹壹商旅",
        "address": "臺北市萬華區成都路111號1樓之6樓",
        "phone": "02-23751022",
        "button_price": 12880,
        "higher_price": 29800,
        "room": 11,
        "area": "臺北市"
      },
      "geometry": {
        "type": "Point",
        "coordinates": [
          121.504133,
          25.043285
        ]
      }
    },
    {
      "type": "Feature",
      "properties": {
        "name": "優美飯店",
        "address": "臺北市中山區民生東路一段28號1之8樓",
        "phone": "02-25255678",
        "button_price": 5250,
        "higher_price": 7650,
        "room": 63,
        "area": "臺北市"
      },
      "geometry": {
        "type": "Point",
        "coordinates": [
          121.524051,
          25.057922
        ]
      }
    },
    {
      "type": "Feature",
      "properties": {
        "name": "台灣西鐵國際旅館",
        "address": "臺北市萬華區中華路一段88號1樓6樓至28樓",
        "phone": "02-23143939",
        "button_price": 11700,
        "higher_price": 18000,
        "room": 298,
        "area": "臺北市"
      },
      "geometry": {
        "type": "Point",
        "coordinates": [
          121.508645,
          25.045013
        ]
      }
    },
    {
      "type": "Feature",
      "properties": {
        "name": "西門雲町旅店",
        "address": "臺北市萬華區漢中街52號12樓至13樓",
        "phone": "02-23112555",
        "button_price": 12000,
        "higher_price": 20000,
        "room": 32,
        "area": "臺北市"
      },
      "geometry": {
        "type": "Point",
        "coordinates": [
          121.50721,
          25.04393
        ]
      }
    },
    {
      "type": "Feature",
      "properties": {
        "name": "福華國際文教會館",
        "address": "臺北市大安區新生南路三段30號",
        "phone": "02-77122323",
        "button_price": 32000,
        "higher_price": 120000,
        "room": 279,
        "area": "臺北市"
      },
      "geometry": {
        "type": "Point",
        "coordinates": [
          121.534296,
          25.023167
        ]
      }
    },
    {
      "type": "Feature",
      "properties": {
        "name": "聖雄商旅",
        "address": "臺北市松山區基隆路一段8號10號17至18樓",
        "phone": "02-27600920",
        "button_price": 6600,
        "higher_price": 15000,
        "room": 37,
        "area": "臺北市"
      },
      "geometry": {
        "type": "Point",
        "coordinates": [
          121.569933,
          25.050764
        ]
      }
    },
    {
      "type": "Feature",
      "properties": {
        "name": "柯達大飯店台北南京",
        "address": "臺北市松山區南京東路三段333號2至11樓",
        "phone": "02-27196666",
        "button_price": 9200,
        "higher_price": 20000,
        "room": 64,
        "area": "臺北市"
      },
      "geometry": {
        "type": "Point",
        "coordinates": [
          121.547432,
          25.051974
        ]
      }
    },
    {
      "type": "Feature",
      "properties": {
        "name": "晶城青年旅館",
        "address": "臺北市大同區南京西路288號4樓",
        "phone": "02-25507220",
        "button_price": 3600,
        "higher_price": 50400,
        "room": 3,
        "area": "臺北市"
      },
      "geometry": {
        "type": "Point",
        "coordinates": [
          121.513989,
          25.053909
        ]
      }
    },
    {
      "type": "Feature",
      "properties": {
        "name": "相鐵飯店台北西門",
        "address": "臺北市中正區中華路一段57號",
        "phone": "02-23316203",
        "button_price": 12000,
        "higher_price": 25000,
        "room": 200,
        "area": "臺北市"
      },
      "geometry": {
        "type": "Point",
        "coordinates": [
          121.508573,
          25.041598
        ]
      }
    },
    {
      "type": "Feature",
      "properties": {
        "name": "客憩旅宿",
        "address": "臺北市中正區重慶南路一段63號2樓",
        "phone": "02-23116118、 0975-721686",
        "button_price": 1000,
        "higher_price": 8000,
        "room": 11,
        "area": "臺北市"
      },
      "geometry": {
        "type": "Point",
        "coordinates": [
          121.513344,
          25.044447
        ]
      }
    },
    {
      "type": "Feature",
      "properties": {
        "name": "日光樂居",
        "address": "臺北市萬華區西寧南路72之1號5樓",
        "phone": "02-23889978",
        "button_price": 12000,
        "higher_price": 12000,
        "room": 27,
        "area": "臺北市"
      },
      "geometry": {
        "type": "Point",
        "coordinates": [
          121.505966,
          25.043216
        ]
      }
    },
    {
      "type": "Feature",
      "properties": {
        "name": "瀚寓夏天",
        "address": "臺北市中正區汀州路三段62號3樓6樓",
        "phone": "02-87583777",
        "button_price": 8000,
        "higher_price": 12700,
        "room": 69,
        "area": "臺北市"
      },
      "geometry": {
        "type": "Point",
        "coordinates": [
          121.531518,
          25.015464
        ]
      }
    },
    {
      "type": "Feature",
      "properties": {
        "name": "福泰桔子商務旅館西門漢中店",
        "address": "臺北市萬華區漢中街170號1之14樓",
        "phone": "02-23811155",
        "button_price": 10800,
        "higher_price": 10800,
        "room": 66,
        "area": "臺北市"
      },
      "geometry": {
        "type": "Point",
        "coordinates": [
          121.506431,
          25.041018
        ]
      }
    },
    {
      "type": "Feature",
      "properties": {
        "name": "美好境界旅店",
        "address": "臺北市萬華區西寧南路36號9樓之29樓之39樓之4",
        "phone": "02-23617608",
        "button_price": 16000,
        "higher_price": 16000,
        "room": 42,
        "area": "臺北市"
      },
      "geometry": {
        "type": "Point",
        "coordinates": [
          121.50664,
          25.045591
        ]
      }
    },
    {
      "type": "Feature",
      "properties": {
        "name": "歐法行旅",
        "address": "臺北市萬華區中華路一段90號5樓",
        "phone": "02-23711333",
        "button_price": 12000,
        "higher_price": 22000,
        "room": 33,
        "area": "臺北市"
      },
      "geometry": {
        "type": "Point",
        "coordinates": [
          121.508598,
          25.044699
        ]
      }
    },
    {
      "type": "Feature",
      "properties": {
        "name": "豐宿創新壹旅",
        "address": "臺北市大同區南京西路165號6樓",
        "phone": "02-77557937、 0958-089188",
        "button_price": 2500,
        "higher_price": 12000,
        "room": 28,
        "area": "臺北市"
      },
      "geometry": {
        "type": "Point",
        "coordinates": [
          121.512899,
          25.054078
        ]
      }
    },
    {
      "type": "Feature",
      "properties": {
        "name": "藝築文旅昆明館",
        "address": "臺北市萬華區昆明街79號10樓",
        "phone": "02-23610330、 0987-227100",
        "button_price": 45800,
        "higher_price": 49800,
        "room": 14,
        "area": "臺北市"
      },
      "geometry": {
        "type": "Point",
        "coordinates": [
          121.50487,
          25.042863
        ]
      }
    },
    {
      "type": "Feature",
      "properties": {
        "name": "日初青旅",
        "address": "臺北市中正區重慶南路一段49號9樓",
        "phone": "02-23615222",
        "button_price": 1000,
        "higher_price": 5500,
        "room": 12,
        "area": "臺北市"
      },
      "geometry": {
        "type": "Point",
        "coordinates": [
          121.513352,
          25.044805
        ]
      }
    },
    {
      "type": "Feature",
      "properties": {
        "name": "金通商旅",
        "address": "臺北市大同區重慶北路一段1號10樓之1",
        "phone": "02-25921919、 0977-306059",
        "button_price": 2000,
        "higher_price": 40000,
        "room": 9,
        "area": "臺北市"
      },
      "geometry": {
        "type": "Point",
        "coordinates": [
          121.513699,
          25.049551
        ]
      }
    },
    {
      "type": "Feature",
      "properties": {
        "name": "美好行旅",
        "address": "臺北市中正區開封街一段2號12樓12樓之1",
        "phone": "02-23617608",
        "button_price": 800,
        "higher_price": 4500,
        "room": 5,
        "area": "臺北市"
      },
      "geometry": {
        "type": "Point",
        "coordinates": [
          121.51439,
          25.045914
        ]
      }
    },
    {
      "type": "Feature",
      "properties": {
        "name": "台北大安伊普索酒店",
        "address": "臺北市大安區復興南路一段219之2號1樓4之12樓",
        "phone": "02-27117268",
        "button_price": 13000,
        "higher_price": 35000,
        "room": 136,
        "area": "臺北市"
      },
      "geometry": {
        "type": "Point",
        "coordinates": [
          121.543923,
          25.038793
        ]
      }
    },
    {
      "type": "Feature",
      "properties": {
        "name": "雀客旅館台北杭州",
        "address": "臺北市中正區杭州南路一段12號",
        "phone": "02-23933598",
        "button_price": 9800,
        "higher_price": 23800,
        "room": 73,
        "area": "臺北市"
      },
      "geometry": {
        "type": "Point",
        "coordinates": [
          121.525461,
          25.040009
        ]
      }
    },
    {
      "type": "Feature",
      "properties": {
        "name": "頭等艙飯店西門館",
        "address": "臺北市中正區中華路一段59號4樓4樓之18樓之19樓之111樓至13樓",
        "phone": "02-23114567",
        "button_price": 1200,
        "higher_price": 16000,
        "room": 115,
        "area": "臺北市"
      },
      "geometry": {
        "type": "Point",
        "coordinates": [
          121.508529,
          25.041335
        ]
      }
    },
    {
      "type": "Feature",
      "properties": {
        "name": "日光樂居成都館",
        "address": "臺北市萬華區成都路99號2樓至4樓",
        "phone": "02-23886898",
        "button_price": 2800,
        "higher_price": 20000,
        "room": 14,
        "area": "臺北市"
      },
      "geometry": {
        "type": "Point",
        "coordinates": [
          121.504454,
          25.043205
        ]
      }
    },
    {
      "type": "Feature",
      "properties": {
        "name": "大光瀛商旅",
        "address": "臺北市中正區忠孝西路一段50號地下3層",
        "phone": "02-23705590",
        "button_price": 3280,
        "higher_price": 3680,
        "room": 49,
        "area": "臺北市"
      },
      "geometry": {
        "type": "Point",
        "coordinates": [
          121.515823,
          25.046303
        ]
      }
    },
    {
      "type": "Feature",
      "properties": {
        "name": "享住青旅",
        "address": "臺北市中正區館前路8號地下1層",
        "phone": "0970-939898",
        "button_price": 600,
        "higher_price": 3600,
        "room": 7,
        "area": "臺北市"
      },
      "geometry": {
        "type": "Point",
        "coordinates": [
          121.514895,
          25.045814
        ]
      }
    },
    {
      "type": "Feature",
      "properties": {
        "name": "北投晶泉丰旅",
        "address": "臺北市北投區泉源路19號19之1號",
        "phone": "02-66108000",
        "button_price": 22000,
        "higher_price": 66000,
        "room": 100,
        "area": "臺北市"
      },
      "geometry": {
        "type": "Point",
        "coordinates": [
          121.504447,
          25.138131
        ]
      }
    },
    {
      "type": "Feature",
      "properties": {
        "name": "貓尾口袋（西門館）",
        "address": "臺北市萬華區康定路25巷1號2至4樓",
        "phone": "02-25586002",
        "button_price": 18000,
        "higher_price": 18000,
        "room": 10,
        "area": "臺北市"
      },
      "geometry": {
        "type": "Point",
        "coordinates": [
          121.502989,
          25.044028
        ]
      }
    },
    {
      "type": "Feature",
      "properties": {
        "name": "天雲旅棧台北開封",
        "address": "臺北市中正區開封街一段33號1至8樓",
        "phone": "02-23811111",
        "button_price": 8000,
        "higher_price": 18000,
        "room": 158,
        "area": "臺北市"
      },
      "geometry": {
        "type": "Point",
        "coordinates": [
          121.512915,
          25.046061
        ]
      }
    },
    {
      "type": "Feature",
      "properties": {
        "name": "捷絲旅臺大尊賢館",
        "address": "臺北市大安區羅斯福路四段83號1之10樓",
        "phone": "02-77355088",
        "button_price": 12100,
        "higher_price": 17600,
        "room": 76,
        "area": "臺北市"
      },
      "geometry": {
        "type": "Point",
        "coordinates": [
          121.536344,
          25.013179
        ]
      }
    },
    {
      "type": "Feature",
      "properties": {
        "name": "臺北嘉佩樂酒店 Capella Taipei",
        "address": "臺北市松山區敦化北路131133137139號139號地下二層135號二樓135號等共有部分",
        "phone": "02-77096868",
        "button_price": 34650,
        "higher_price": 369600,
        "room": 86,
        "area": "臺北市"
      },
      "geometry": {
        "type": "Point",
        "coordinates": [
          0.0,
          0.0
        ]
      }
    },
    {
      "type": "Feature",
      "properties": {
        "name": "古奈堡精品旅館",
        "address": "臺北市萬華區峨眉街28號5樓之1",
        "phone": "02-23816808",
        "button_price": 2000,
        "higher_price": 24000,
        "room": 8,
        "area": "臺北市"
      },
      "geometry": {
        "type": "Point",
        "coordinates": [
          121.506856,
          25.043438
        ]
      }
    },
    {
      "type": "Feature",
      "properties": {
        "name": "美好行旅北車漢口館",
        "address": "臺北市中正區漢口街一段45號6樓",
        "phone": "02-23818008、 0983-385565",
        "button_price": 350,
        "higher_price": 28000,
        "room": 21,
        "area": "臺北市"
      },
      "geometry": {
        "type": "Point",
        "coordinates": [
          121.512587,
          25.045241
        ]
      }
    }
  ]
}